q5,q5_low,q5_high,q50,q50_low,q50_high,q95,q95_low,q95_high,year,HEXcell,code,cumObsDays,uniqObsDays,totalAbundance
155,155,162.2,182,161,183,202.9,186,209,2000,648,RE,11,11,11
155,155,158.9,186,184,184,253,226,253,2000,648,RL,21,21,21
92,92,114.05,191,186,191,253,226,253,2000,648,RP,20,20,20
86,86,88.4,185,169,185,259,254,288,2000,676,RP,16,15,15
119.6,114,132.2,184,149,241,266.4,249.2,288,2000,3671,RP,17,17,17
111.6,16,128,225,185,225,302,295,302,2000,676,RL,18,18,18
100,100,109,133,125,133,156,140,156,2001,728,RL,10,10,10
100,100,111.4,133,125,133,156,139.85,156,2001,728,RP,11,11,11
163,142,163,177.5,175,180,208,195,210,2001,622,RE,25,25,25
160,160,166,198,166,200,214,200,214,2001,589,RE,9,9,9
169,161,169,188,175,188,217,206,219.7,2001,648,RE,11,11,11
81,56,58.5,105,91,105,217,161,217,2001,671,RP,10,10,10
137,131,135.8,164,163,164,221,217,217,2001,594,RL,12,12,12
131,131,136.4,160,139,160,221,166,224,2001,594,RP,11,11,11
158.4,158,159,188,159,188,226,202,226,2001,567,RL,10,9,9
118,118,141.4,203,155,209,238.6,223,258,2001,620,RP,12,11,11
148,148,160,181,160,183,240.1,210,251,2001,563,RE,12,12,12
104,104,104,166,140,140,245.35,244,265,2001,617,RP,11,11,11
128,126,128,202,181,210,246,238,246,2001,563,RP,18,18,18
160,160,164,200,198,200,246,240,246,2001,589,RP,15,15,15
148,148,160,217,210,217,251,246,246,2001,563,RL,23,23,23
105,105,105,185,168,185,259,238,238,2001,616,RP,9,9,9
112,104,112,NA,NA,NA,265,244,244,2001,617,RL,11,11,11
97,97,99,180,175,180,266,251,266,2001,675,RP,20,18,18
160,160,161.6,202,200,200,273,246,273,2001,589,RL,15,15,15
123.5,122,125,182,177,184,273,266,284,2001,595,RP,35,35,35
167.25,159,180,250,197.5,255.5,273.25,257,274,2001,646,RL,16,16,16
90.55,83,137.8,202,189,230.5,275.05,265,294,2001,3671,RP,32,32,32
113,110,113,180,176,183,276,271,276,2001,622,RP,97,97,97
127,126,127,181,177,181,277,275,277,2001,622,RL,80,80,80
148.4,125,149,184,181,188,280,266,268.8,2001,595,RL,38,37,37
85,82,94,104,99,112,284.7,187,292,2001,702,RP,23,23,23
53,53,55,153,132,154,285,259,283.7,2001,3727,RP,16,16,16
103,92,103,206,196,208,286,274,286,2001,676,RP,70,70,70
99,95,102,195,187,209,289,284,289,2001,649,RP,79,78,78
110,61,110,250,229,250,293,273,273,2001,703,RL,14,14,14
77,51,51,204,133,204,293,259,293,2001,703,RP,14,14,14
99,97,104,193,180,193,294,266,294,2001,675,RL,17,16,16
104,103,104,209,203,209,295,251,295,2001,648,RP,47,46,46
110,110,123,157,135,188,296.85,292,307,2001,621,RP,18,18,18
165,148,168,200.5,175,232.5,303.25,261.9,316,2001,3671,RL,12,12,12
161,105,195,NA,NA,NA,308,259,308,2001,616,RL,9,9,9
126,112,126,223,220,223,311,307,307,2001,648,RL,43,43,43
280,98,280,301,287,304.5,321,308,321,2001,700,RL,10,10,10
113,74,113,262,251,262,321,317,317,2001,3700,RL,40,40,40
87,74,87,241,229,241,321,315,321,2001,3700,RP,40,40,40
129,126,129,203,139,203,322,296,322,2001,621,RL,16,16,16
113,103,114,217,208.5,224,324,314.25,335,2001,676,RL,73,73,73
118,113,118,228,222,228,337,335,338,2001,649,RL,91,91,91
155,155,201.05,216,203,233.5,339,302.85,339,2001,620,RL,13,12,12
53,53,61,181,132,259,348,285,348,2001,3727,RL,13,13,13
94,82,94,270,174,273,349,332,356,2001,702,RL,39,39,39
154,154,171,176,172,176,189,180,189,2002,649,RE,17,16,16
158,152,158,178,173,179,190,187,190,2002,622,RE,29,28,28
151,151,152,174,173,173.5,208,201.2,201.2,2002,589,RL,9,9,9
107,107,151,158,151,158,208,188.3,208,2002,589,RP,9,9,9
198,198,205,219,218,218.5,231,230,230,2002,591,RL,17,17,17
189,189,189.65,230,191,230,233,231.35,232.35,2002,567,RE,11,11,11
110,108,110,189,164,189.5,233.7,233,235,2002,567,RP,17,16,16
164,161,164,192,191,191,235,233,233,2002,567,RL,17,15,15
159,159,160,181,167,185,236,195.2,236,2002,563,RE,14,14,14
147,147,148,184.5,184,185,237,232.55,237,2002,562,RL,16,16,16
147,147,153,167,153,184,237,185,237,2002,562,RP,10,10,10
106,104,106,153,146,153,239,223,239,2002,595,RP,41,41,41
206,205,206.75,222,220,223,244,231,244,2002,591,RP,18,18,18
91,91,113,147,132,147,245,197,227,2002,701,RL,14,14,14
91,91,91,132,126,132,245,197,230.6,2002,701,RP,14,14,14
146,107,107,181,174,185,250,240,250,2002,563,RP,20,20,20
95,95,96,146,108,146,250,163,250,2002,728,RP,14,14,14
139,131,139,181,178,181,251,239,240.2,2002,595,RL,45,41,41
184.7,135,195,220,203,225,253.6,233.4,265,2002,619,RP,27,25,25
104,104,104,153,122,122,254,235,285,2002,675,RL,14,13,13
84,82,84,188,182,188,255,254,254,2002,729,RL,16,16,16
124,117,124,182,180,182,262,253,262,2002,622,RL,115,111,111
95,95,96,145,100,145,262,163,262,2002,728,RL,15,15,15
104,104,123,188,172,188,264,243,264,2002,617,RP,27,27,27
105,102.8,105,181,178,182,264,262,266,2002,622,RP,121,121,121
187,187,209,237,235,237,265,264,264,2002,646,RP,34,32,32
152.7,94.9,159.95,214,195.5,228,265,254.25,271.15,2002,3671,RP,65,65,65
92,48,74.4,171,152,171,266,187,266,2002,673,RL,12,12,12
92,92,115.6,171,152,171,266,220,266,2002,673,RP,11,11,11
82,82,83,222,84,222,268.2,255,277,2002,729,RP,15,15,15
187,187,209,240,236,242,272,265,272,2002,646,RL,33,31,31
124,124,124,187,183,183,272,252,252,2002,648,RL,48,48,48
117,117,118,187,180,187,272,252,272,2002,648,RP,46,46,46
170.8,169,173.7,193,180,206,272.6,220.3,278,2002,595,RE,19,19,19
113.6,94.1,155.4,200,188,214,273.2,253.8,314.9,2002,3671,RL,63,63,63
218,218,218,267,263,267,274,273,273,2002,593,RP,12,12,12
189.9,135,196.2,225,212,233,275.7,240.6,282,2002,619,RL,19,19,19
51,46,46,153,146,155,276,274,276,2002,3700,RP,80,80,80
97,57,97,202,188,209,277.75,272,278,2002,676,RP,67,64,64
146.65,146,147,187,185,187,278,272,278,2002,563,RL,25,25,25
104,100,104,202,167,222,278,277,277,2002,645,RL,23,23,23
111,100,111,222,152,237,278,277,278,2002,645,RP,20,20,20
124,27,27,203,201.3572227,203,279,238,238,2002,621,RL,11,11,11
101,98,98,202,180.5,202,279,238,238,2002,621,RP,13,13,13
33,32,33,159,146,160,282,275,282,2002,3700,RL,72,72,72
124,124,124,202,191,202,285,278,285,2002,617,RL,28,28,28
104,104,104,153,122,122,285,235,285,2002,675,RP,12,11,11
145,55,153,221.5,212.5,229,286.75,277.35,314,2002,698,RP,68,68,68
104,100,104,189,184,189,290,285,293,2002,649,RP,102,101,101
104,100,101,189,184,191,296,294,298.4,2002,649,RL,114,111,111
91,48.55,102.1,209,184.5,215.5,299,278,300,2002,676,RL,56,54,54
32,21,27.2,147,122,151,307,280.4,307,2002,3727,RP,26,26,26
218,218,218,268,267,268,312,275,313,2002,593,RL,15,15,15
82,74,82,225,215,230,318,314,321,2002,698,RL,54,54,54
23,19,23,151,48,153,324.85,305.95,328,2002,3727,RL,14,14,14
106,106,110,147,145,147,NA,NA,NA,2002,702,RL,11,11,11
NA,NA,NA,153,145,153,NA,NA,NA,2002,702,RP,9,9,9
167.25,162,171,189,184,192.5,206,201,207,2003,622,RE,28,28,28
118,111,119,161,151,161,215,208,208,2003,595,RP,42,42,42
69,66,66,104,91,104,221,151,172,2003,729,RP,15,15,15
137,131,137,174,166,174,223,215,236,2003,595,RL,44,42,42
140,140,158,171,157,171,226,179.9,226,2003,594,RL,11,10,10
123.25,116,124,166,144,166,229,227,229,2003,593,RP,14,13,13
162,162,166,176,171,176,231,211,262,2003,648,RE,14,14,14
164,161,164.45,214,181,226,233.9,231,234,2003,567,RL,13,13,13
166.85,126,177.3,218.5,188,226,239.6,230.45,251,2003,620,RL,20,17,17
121,107,121.35,179,141,179,240.2,213.2,250,2003,702,RP,17,14,14
116,106,117,152,146,167,243.9,235,259,2003,563,RP,26,26,26
120.45,106,130,174,159,174,244,235,244,2003,563,RL,26,26,26
121.7,121,135.3,184,166,186,245.8,222,250,2003,702,RL,23,17,17
153.6,139,159,194,165,202.5,252.75,230.95,259,2003,619,RP,24,24,24
152,152,158,179,176,179,256,225,256,2003,591,RL,24,22,22
152,152,158,180,176,180,256,225,256,2003,591,RP,20,19,19
102,82,82,183,179,183,257,247.9684445,257,2003,617,RP,24,24,24
74,74,78,146,145,146,261,243,243,2003,728,RP,10,10,10
78,78,78,146,145,146,261.7,261,263,2003,728,RL,9,9,9
117,101.8,117,166,165,166,263,249,249,2003,645,RL,15,13,13
101,101,115.5,166,158,166,263,249,250.4,2003,645,RP,11,11,11
85,85,85,186,179,186,264,263,263.15,2003,3672,RL,15,15,15
85,82.4,82.4,179,147,147,264,263,263,2003,3672,RP,16,16,16
129.65,103,144,235,169,236,267,249,267,2003,618,RP,15,15,15
115,110,115,205,200,209,270,268,279.2,2003,622,RP,127,127,127
93,86,93,143,135,148,276,268.4,297,2003,673,RP,42,42,42
120,91,101.15,248.5,229,252,277.65,263,278,2003,701,RL,24,24,24
84,83,83.15,235,202,253,277.85,268.95,278,2003,701,RP,23,23,23
102,102,103,188,187,188,278,257,278,2003,617,RL,23,23,23
165,139,173,214,208,215,278,263,278,2003,646,RP,45,44,44
105.3,74,132.3,194,172,214,278.7,267.5,298.4,2003,3671,RL,67,67,67
138,137,137,206,201,206,281,269,281,2003,622,RL,113,112,112
131,110,110,228,207,229,282.2,270,305.6,2003,676,RP,38,38,38
103,95,107,178,172,180,283.65,270.95,291,2003,698,RP,74,74,74
171.4,139,180,214,207,215,284,271.6,284,2003,646,RL,41,39,39
117,115,117,193,182,197,284,276,276,2003,648,RL,46,45,45
106,103,103,187,180,187,284,276,284,2003,648,RP,46,45,45
74,64,74,178,165,180,284,275,298,2003,3700,RL,45,45,45
64,57,64,173,147,179.5,285,283,288.85,2003,3700,RP,66,66,66
95,89,95,175,167,179,291,285,291,2003,698,RL,75,75,75
103,103,103,197,189,197,293,292.85,292.85,2003,703,RL,15,15,15
103,81,81,197,186,197,293,246,246,2003,703,RP,13,13,13
103,92,92,208,201,210,297,289,297,2003,649,RP,84,83,83
95,93,95,150,148,150,297,276,297,2003,673,RL,41,41,41
120,117,120,231,226,231,303,297,305,2003,649,RL,88,87,87
49,38,53.5,165,158,175,306,242,306,2003,3727,RP,24,24,24
149.55,131,151,235,214,235,307,306,312,2003,676,RL,28,28,28
105,102,113,206,180,215,310.2,292.4,316,2003,3671,RP,99,99,99
12.7,10,19,157,49,159,332.4,289.6,336,2003,3727,RL,16,16,16
91,69,86.05,145,144,145,364,221,364,2003,729,RL,12,12,12
NA,NA,NA,186,185,185,NA,NA,NA,2003,595,RE,12,11,11
79,79,79,95,89,95,129,115,115,2004,729,RP,10,10,10
87,81,87,102,95,95,134,129,129,2004,729,RL,10,10,10
75,74,75,145,108,145,166,150,150,2004,3672,RL,12,12,12
133.15,133,134,150,136,150.5,186,156,186,2004,594,RL,15,15,15
134,133,133,148,136,136,186,156,186,2004,594,RP,10,10,10
67.45,66,69,98,88,136,195.9,151.55,213,2004,3671,RP,20,20,20
156,151,156,180,172,182,198,193,207,2004,622,RE,33,31,31
146,146,156,172,156,172,199,182,199,2004,649,RE,14,13,13
185,132,132,198,193,193,208,207,208,2004,621,RL,9,9,9
72,72,93,145,93,145,213,175,194,2004,3671,RL,12,12,12
149,149,160.6,206,181,215.5,227,215.85,227,2004,567,RL,11,11,11
130,110,132.8,165,148,206,239.9,224,270,2004,595,RP,23,21,21
108,108,123,196.5,186,207,242,237,237,2004,617,RP,23,23,23
137,137,149,157,152,157,244,197.2,244,2004,591,RL,9,9,9
108.9,108,109,156,137,173,244,215.3,244,2004,591,RP,17,17,17
134,71,154,208,185,217,247.8,235,270,2004,595,RL,29,25,25
150,150,164.8,213,184,243,249.4,245,256,2004,568,RL,13,12,12
107,98,98,192,178,192,255,236,255,2004,648,RP,62,56,56
157.15,151,161.25,214,192,225,256,250.3,264,2004,619,RP,28,28,28
155,143,155,206,164,218,262,206,262,2004,563,RP,10,10,10
105,105,200,227,192,234,262,239,262,2004,618,RP,14,14,14
137,123,137,183,179,179,263,242,263,2004,617,RL,21,20,20
80,80,87,201,178,201,263,229,263,2004,701,RL,25,25,25
82.25,80,84.75,200,163.5,202,263,232.75,263,2004,701,RP,26,26,26
178.75,172,196,233,212,252,263.25,254,264,2004,619,RL,16,16,16
90,84.5,93,206,202,209,266,248.5,270,2004,673,RP,72,72,72
93.4,90,98,209,203,213,268,264,271,2004,673,RL,82,82,82
79,79,84,133,107,133,268,237,268,2004,3673,RP,10,10,10
108,101,108,206,193,214,269,255,277,2004,646,RP,63,56,56
164,164,193,219,190,224.5,269,230,269,2004,676,RE,10,9,9
114.6,107,134,219,208,220,269,255,273.9,2004,676,RP,65,55,55
122,115,115,203,190,209,270,255,270,2004,648,RL,65,61,61
111,101,111,186,176,187,274,263,282,2004,649,RP,89,80,80
110,108,111,179,175,180,276,265,277,2004,622,RP,122,117,117
80.45,67,87,192,184.5,206,276,263,297,2004,698,RP,70,70,70
136,132,136,186,184,187,281,277,282,2004,622,RL,111,110,110
133,133,135,215,199,217,284,255,284,2004,646,RL,65,58,58
108,108,109,161,136,161,284,274,284,2004,703,RL,22,20,20
108,108,109,151,135,161,284,274,284,2004,703,RP,19,18,18
81,66.50911222,81,189,174,193,298,269,304,2004,698,RL,63,63,63
123,115,122,212,199,215,299,282,299,2004,649,RL,85,78,78
137,108,138.75,219,203.5,219,305,293.75,310.25,2004,676,RL,62,54,54
136,136,146.15,194,172,194,311,259.9,311,2004,563,RL,17,17,17
137,137,137,163,161,211,311,221,297,2004,593,RL,10,10,10
57,46,57,185,164,189,324,312,324.1,2004,3700,RP,78,78,78
65,63.3,66,192,185,199,326,325,330,2004,3700,RL,61,61,61
41.2,10,47,136,94,194,330.25,274.95,349,2004,3727,RL,39,39,39
47,41.15,48,163,156.5,194.5,333.55,325.15,345.55,2004,3727,RP,56,56,56
74,74,75,108,96,108,150,150,159.6,2004,3672,RP,11,11,11
162,162,162,179,170,179,198,184,184,2005,648,RE,10,10,10
161,157,161,184,171,185,205,202.9,205,2005,622,RE,30,30,30
149,149,156.6,163,151,171,206.2,186.2,227,2005,567,RP,10,10,10
141,141,148,185,184,185,209,204.45,204.45,2005,592,RL,14,14,14
141,141,148,170,152,170,209,190,209,2005,592,RP,14,14,14
125,125,133,148,125,148,210,204,210,2005,595,RP,10,9,9
127,127,141.75,150,147.5,162,210.75,188,211,2005,594,RP,16,14,14
77,77,78,94,93,94,212,190,190,2005,3672,RL,12,12,12
77,77,78,94,91,94,212,190,201,2005,3672,RP,12,12,12
148,140,149,182,169,188,213.5,210,231,2005,594,RL,34,32,32
108,100,108,170,156,184,239,197,240,2005,563,RP,18,18,18
128,128,150,184,170,180,240,239,240,2005,563,RL,17,17,17
154.1,149,155,194,160,218,251.2,235.9,275,2005,619,RP,18,18,18
135,125,130.4,191,185.5219742,191,262,256,262,2005,622,RL,95,94,94
100,100,136,190,183,190,267,240,267,2005,617,RP,20,20,20
109,106.2,110,212,209,214,269.6,261.4,284,2005,673,RP,63,63,63
132,132,194,215.5,194,268,273.7,270,289,2005,702,RL,11,11,11
100,100,136,184,183,183,274,261,274,2005,617,RL,21,21,21
110,107,110,188,184,191,276,270,278,2005,622,RP,111,110,110
158,149,158,194,179.5,227,281,262.1,320.8,2005,567,RL,29,28,28
174,174,174,222,219,222,288,246,252.3,2005,590,RL,9,9,9
107,107,107,222,219,222,288,246,246,2005,590,RP,9,9,9
104,100,104,202,183,202,288,274,289,2005,649,RP,91,87,87
115.2,109,139,215,211,218,288,275,290,2005,673,RL,75,75,75
99,95.75,99,208.5,192,218,288,275,303,2005,676,RP,59,53,53
180.5,154,190.5,233,228,239,289,287,302.5,2005,646,RL,33,33,33
155,149,149,239,232,239,289,288,289,2005,646,RP,25,24,24
101.2,96,104,141,134,142,300.2,288,316,2005,701,RL,21,21,21
118,109,118,214,207,214,304,296,304,2005,649,RL,96,91,91
129.2,115.4,135,219,192,226,304,302,309,2005,676,RL,55,53,53
82,71.8,84,212,194,226,309.2,301,316,2005,698,RP,80,80,80
136,136,182.15,214,147,225.5,310,303,310,2005,621,RP,9,9,9
82,71,82,196,179,205,315.25,307.5,327,2005,698,RL,75,75,75
89,89,99,141,113.2697412,141,316,305,316,2005,701,RP,22,22,22
80,51,77,190,184,197,316,288,316,2005,3700,RP,62,62,62
80,51,51,190,184,190,317,316,317,2005,3700,RL,55,55,55
137.15,130.7,141,204,197,205,318,315,318,2005,648,RL,48,44,44
109,106,107.95,198,177.8912288,202,318,311,318,2005,648,RP,44,40,40
15,11,15,154,134,155,337,232,337,2005,3727,RP,32,32,32
128,40,128,156,154,156,344,330,362.35,2005,3727,RL,15,15,15
NA,NA,NA,239,233,239,NA,NA,NA,2005,645,RL,9,9,9
112,105,106.75,147,134,147,154,152,152,2006,592,RP,9,9,9
111,102,138,158.5,148,175,187,175,187,2006,591,RP,9,9,9
168,168,182,198,190,198,211,201,211,2006,648,RE,9,9,9
149.6,148,158.1,180,170,189,215.8,193.7,224,2006,594,RL,23,23,23
162,151,163.2,182,168,185,218,203,220.4,2006,622,RE,25,21,21
110,101,110,151,129,154.5,224,164.55,224,2006,593,RP,14,14,14
155,126,155,180,169,180,225,206,207.9,2006,618,RP,9,9,9
74,74,118,139,102,189,226.8,220,250,2006,702,RP,11,11,11
126,98,126.15,171,154,180,230.1,206,253,2006,618,RL,15,14,14
114,114,114,217,169,169,232,226.75,226.75,2006,645,RL,9,9,9
103,99.95,103,161,147,167,238,217,260,2006,648,RL,61,53,53
96,90,96,147,118,148,238,217,238,2006,648,RP,56,52,52
148,148,175,193,176.5,197,243.35,201.2,250,2006,620,RL,13,13,13
91,91,99,176,174.5,176,246,245,245,2006,617,RP,24,23,23
105,101,105,179,175,181,246,242,247,2006,646,RP,161,148,148
117,109,117,196,189,198,250,246.6,250,2006,646,RL,162,142,142
114,114,154.25,224,190,225,252,225,252,2006,645,RP,10,10,10
99,93.45,93.45,177,176,180,253,246,253,2006,617,RL,26,25,25
91,91,100,198,181,198,253.05,225,258,2006,701,RP,12,12,12
156,121,157.6,179,176,185,253.6,214,268,2006,649,RE,10,10,10
140.75,116,149,216.5,168,239,254.5,243.25,256,2006,619,RL,16,16,16
100,100,100,193,181,181,258,225,225,2006,701,RL,12,12,12
113.15,105,147.4,195.5,158,217,258.75,237.5,281,2006,619,RP,22,21,21
110,110,123,184,127,186,264.7,216,267,2006,563,RP,13,13,13
127,123,127,207,195,207,267,244,267,2006,563,RL,13,13,13
91,85,91,196,189,197,267,260,267,2006,676,RP,59,52,52
185.4,165,216,236,229,243,272,245.9,272,2006,646,RE,10,10,10
147.25,130,153,177.5,162,218.5,272.5,229,280,2006,567,RL,16,14,14
92,91,91,196,189,196,275,266,281,2006,676,RL,45,44,44
95,91,98.8,203,199,205,276,264.8,277,2006,673,RP,84,84,84
96,91,97.6,213,204,219,276.8,271.6,281,2006,673,RL,81,80,80
110,105,110,217,210,218,280,276,282,2006,622,RP,144,123,123
101,96,103,196,187,203,280,276,280,2006,649,RP,98,95,95
126,121,133,218,212,221,283,277,287,2006,622,RL,138,118,118
49,21,21,182,175,182,283,281,283,2006,3700,RL,50,50,50
138.2,123,149.6,193,164,207.5,283.3,224,327,2006,593,RL,20,20,20
150,104,150,179,175,180,287.8,274,315,2006,590,RP,28,28,28
49,49,50,183,180,183,291,284,291,2006,3700,RP,51,51,51
101,99,101,204,191,205,292,288,292,2006,649,RL,111,106,106
101.4,91,132.8,186,173,211,298.6,225,313,2006,595,RL,17,17,17
71,62.85,85,201,188,208.5,301.15,281,308.15,2006,698,RP,113,113,113
153,150,153,180,175,180,304.8,281,315,2006,590,RL,25,23,23
62,45,62,188,180,195,309,295,309,2006,698,RL,105,105,105
21,14,21,189,156,189,342,322,333,2006,3727,RP,38,38,38
98,89,101,155,132.5,201.5,343,285.25,343,2006,3727,RL,15,15,15
NA,NA,NA,190,189,190,NA,NA,NA,2006,675,RP,11,9,9
133,133,135,149,135,149,175,174,174.65,2007,592,RL,9,9,9
83,83,86.1,146,90,146,204,174,204,2007,730,RP,10,10,10
76,69.6,77,170,153,173,210,206,216,2007,698,RL,54,54,54
129,129,147.95,156,149,162,211.05,174.3,217,2007,594,RP,18,17,17
122.85,120,126.8,150.5,131,161.5,213.15,180.6,254,2007,593,RP,20,19,19
129,123,136,188,157,204,216,211,217,2007,566,RP,23,23,23
70,56,70.6,170,157,173,216,208,264,2007,698,RP,58,58,58
125.9,124,126.95,162.5,144,176,217,181.1,217,2007,567,RP,20,18,18
159,159,166.3,173,160,180,220,199.9,220,2007,620,RE,11,11,11
141.45,139,149.15,177.5,173.5,191,223,200,270,2007,649,RE,17,16,16
88,84,88,171,167,171,237,223,245,2007,617,RP,25,24,24
132.9,109,146.5,174,152,188,237.7,227.4,243,2007,594,RL,27,24,24
150,149,150.95,189.5,170.5,213,239.1,230,249,2007,566,RL,40,39,39
158,158,163,198,163,211,240,226.5,276,2007,595,RL,19,15,15
127.4,112,134.5,169,160,188,240.4,219,306,2007,593,RL,39,37,37
146.2,130,157.55,180,172,198,241,209,279,2007,620,RL,21,21,21
159,152,159.4,181,174,184,244,202,253.6,2007,622,RE,31,29,29
91,91,91,146,125,125,252,244,252,2007,645,RL,13,13,13
91,91,97,146,118,146,252,240.1,252,2007,645,RP,12,12,12
120.45,112,126,170,151,201,254.3,225.6,279,2007,620,RP,22,22,22
117,90,90,182,175,176.5,259,245,259,2007,617,RL,24,23,23
126,124,126,179,167,179,263,238,263,2007,648,RP,39,36,36
132.7,126,133,175,161,179,264,238,300,2007,648,RL,33,27,27
84,57,84,146,90,146,264.35,204,275,2007,730,RL,12,12,12
152.6,149,157.5,195,165,217,265.3,235.6,277,2007,567,RL,19,17,17
120,120,120,190,162,190,276,275,275,2007,672,RL,11,11,11
124,122,124,205,198,206,280.25,278,281,2007,622,RP,159,142,142
140.75,135,141.95,209,202,210,281,278,281,2007,622,RL,136,122,122
111,82,111,217,188,224,281,274,281,2007,676,RP,41,39,39
84,80.5,89,213,203,218,285,278,285.3,2007,673,RP,68,68,68
91,86.4,91,216,207,220,286,280,286.65,2007,673,RL,76,76,76
133,133,139,224,203,224.5,286,282,286,2007,676,RL,35,34,34
114,113,114,203,195,209,287,279,287,2007,649,RP,97,92,92
147,147,161.8,243,220,243,287,275,287,2007,3671,RP,12,12,12
119,119,131,251,198,271,287.6,280,294,2007,563,RP,12,12,12
147,147,182.15,249,231.5,249,288,284,288,2007,3671,RL,12,12,12
119,113,119,212,201,215,289,281,289,2007,649,RL,101,95,95
113,113,181,265,181,267.5,293,270.5,293,2007,590,RL,12,12,12
147,139,152.2,238,221.5,244,293,280,293,2007,646,RL,30,30,30
114.2,83,127,231,210,238,293,279.6,293,2007,646,RP,39,38,38
83,83,83,NA,NA,NA,295,293,295,2007,3672,RL,20,20,20
87,87,90,197,195,197,298,297,297,2007,3700,RL,74,74,74
87,69,85,196,189,196,298,289,298,2007,3700,RP,72,72,72
139,139,139,172.5,168,188,307,192,307,2007,562,RL,13,13,13
111,111,139,188,159,188,307,194,307,2007,562,RP,11,11,11
154,134,154,226,195,251,307,281,307,2007,619,RP,14,14,14
120,120,121,190,141.5,190,307.55,277,309,2007,672,RP,12,12,12
131,131,152,251,198,272.5,308,292.8,308,2007,563,RL,15,15,15
34,13.7,20,165.5,154,174,342,259,342,2007,3727,RP,33,33,33
8.8,6,20,173,111,193,362.6,356,363,2007,3727,RL,19,19,19
83,73,83,206,202,202,NA,NA,NA,2007,3672,RP,18,18,18
80,80,80,97,81,97,154.05,115,181,2008,730,RP,10,10,10
80,80,81,100,92,100,181,115,181,2008,730,RL,11,11,11
74,74,146,188,116,188,203,194,203,2008,675,RP,9,9,9
70,62,88.75,130,108,132.5,209.5,173.25,246,2008,702,RP,23,20,20
156.5,125,160,216,189,217,221,218.1,221,2008,621,RP,12,12,12
144,144,144,166,160,166,222,200,222,2008,507,RP,9,9,9
157,147,163.4,194,182,211,223,221,223,2008,591,RL,17,16,16
99.55,95,102,133,127.5,152,225.2,178.9,246,2008,702,RL,19,18,18
118,117,123.6,162,150,164,227,212,244,2008,594,RP,23,22,22
127,127,162,196,158,210,230,214.2,230,2008,620,RP,11,11,11
114.2,99,125,199,179,204,234.6,228.6,252,2008,647,RP,31,30,30
139.4,127,151.6,169,163,179,235.4,212.4,249,2008,594,RL,29,27,27
160.85,160,177.8,208,196,218,237.15,219,238,2008,621,RL,13,13,13
160.4,153,166.4,186,174,197,238.8,205,256,2008,622,RE,25,25,25
140.05,128,146.15,199.5,174,212.5,240.85,222.25,245,2008,595,RP,24,22,22
160,145,145,200,185.5,200,243,222,242,2008,507,RL,13,13,13
157,136,157,211,193,217,245,222.55,245,2008,591,RP,18,18,18
128.8,122,152,199,180,204,245.6,226,284,2008,647,RL,39,36,36
113,109.2,113,180,175,182,247,243,247,2008,618,RP,82,82,82
144,138,150.75,179.5,163.5,207.5,247.5,229,261,2008,567,RL,36,35,35
166,154,169,186,182,195,248.6,200,255,2008,618,RE,17,16,16
130.35,127,137.25,166.5,155,196,250.3,224.3,266,2008,567,RP,28,26,26
158,157,164.75,194,177,217,252.25,225.25,255,2008,568,RL,15,14,14
131.55,126,134,191,184,191.5,255,247,247,2008,618,RL,68,68,68
130.4,117,157.2,177,164,217,255.2,235.8,265,2008,593,RP,25,24,24
111,111,178,200,199,200,256,230,230,2008,674,RL,10,10,10
178,101,178,200,199,200,256,230,256,2008,674,RP,10,10,10
150.95,136,155.95,192.5,171,208,260.45,236.85,267,2008,593,RL,34,33,33
163.2,160,169.5,209.5,192,221,263.85,241.05,288,2008,620,RL,22,21,21
155,153,157,203,163,224,264,237,286,2008,619,RL,21,21,21
167,167,171,180,173,187,264,189,264,2008,648,RE,15,15,15
123,113,123,196,189,204,265,256.8,265,2008,648,RP,70,64,64
98,62,62,138,127,138,268,236,268,2008,701,RP,15,15,15
157.25,149.25,163,216,198.5,233,270.1,261.35,289,2008,595,RL,60,55,55
120.6,113,126.8,203,195,204,271,263,277.2,2008,646,RP,127,124,124
111,96,102,166,152,166,272,233,272,2008,590,RP,19,19,19
104,102,104,164,158,165,272,264,278,2008,649,RP,89,86,86
86,80,86,200,193,206,277,255,279,2008,673,RP,86,85,85
110,107,110,166,159,166.5,278,265,279,2008,649,RL,87,83,83
110,108,110,192,188,197,283,262,285,2008,622,RP,122,110,110
159.8,159,163,217,205,220,283.2,234.8,286,2008,619,RP,18,17,17
152,128,152,174,167,201,285,237,285,2008,590,RL,18,18,18
98,98,106.25,189,138,189,285,270,270,2008,701,RL,15,15,15
128,114,128,199,194,200.5,285.15,283,288,2008,622,RL,116,102,102
138,125,138,202,194,209,287,265,287,2008,648,RL,68,60,60
101,81,101,201,195,206,287,279,289.75,2008,673,RL,81,78,78
101,81,103,215,205,225,287,279,288,2008,676,RP,95,90,90
125,96.4,127.1,229,209,235,288,286,293,2008,676,RL,93,87,87
48,46,48,186,180,186,292,285,285,2008,3700,RP,80,80,80
138,126,138,215,208,217,294.35,292,304,2008,646,RL,126,122,122
69,61,69,113,103,103,300,201,201,2008,698,RL,9,9,9
46,30,40,187,181,188,306,294,318,2008,3700,RL,79,79,79
96,40,42.8,194,159,195,320,299,320,2008,3727,RP,23,23,23
40,19,40,159,117,159,322.4,299,326,2008,3727,RL,20,20,20
215,139,188.4,229,227,227,NA,NA,NA,2008,645,RL,10,10,10
81,80,81,150,147,147,NA,NA,NA,2008,3672,RL,14,14,14
80,80,80,145,129,129,NA,NA,NA,2008,3672,RP,15,15,15
157,144,157,178,171,178,199,187.5,204,2009,622,RE,21,19,19
147,147,152,189,158,190,212.5,200,238,2009,703,RP,13,12,12
168,99,168,186,176.0601238,186,220,212,223,2009,591,RP,23,22,22
149.3,146,158.8,180,164,191,220,202,236,2009,593,RL,27,24,24
134.9,130,154,186.5,181,197,220.6,211.3,266,2009,591,RL,22,21,21
138,138,138,184,151,184,221,207,221,2009,562,RL,9,9,9
123,123,143,155,143,164,226,177,262,2009,507,RP,13,11,11
92,90,92,157,152,158,226,224,228,2009,646,RP,135,132,132
159.2,150,169.9,185.5,178.5,193.5,228.05,209.1,246,2009,739,RL,24,24,24
130,117,154,186,160,193,229,206.75,242,2009,620,RP,18,18,18
141.25,133,155,172.5,167,175,234,212.75,251,2009,566,RL,23,21,21
144.35,119,154,186,164,204,234.2,218.95,244,2009,594,RL,28,26,26
123,123,144,203,144,203,240,220,240,2009,590,RL,9,9,9
123,102,123,204,144,220,240,230,240,2009,590,RP,10,10,10
157.6,157,161.4,185,171,198,240.4,222.6,244,2009,648,RE,15,15,15
120,116,120,181.5,164,190,245,229.7,264,2009,595,RP,44,41,41
147.1,7,149,164,152,190,245.4,204.5,277,2009,703,RL,23,20,20
101,95,101,165,161,167,246,227,246,2009,648,RP,47,46,46
167.8,159,170.2,198,185,220,247.6,235.4,250,2009,649,RE,20,20,20
149.3,143,150,207,164,207,248,226,248,2009,507,RL,13,13,13
132.8,129,151,192,185,204,248.8,245,263.9,2009,595,RL,51,43,43
91.3,82,95.7,206,111,212,249.1,227.8,250,2009,645,RP,14,14,14
94,94,111,209,158,221,250,227.2,250,2009,645,RL,13,13,13
127.5,114,131.1,165,135,191,250.1,216.8,260,2009,567,RP,19,18,18
165,145,166.95,196.5,186,206,252,217.5,252,2009,621,RL,16,15,15
76.95,68,78,156,129,169,254,236,255.4,2009,673,RP,88,86,86
115,108,115,186,173,186,255,245,270,2009,617,RP,22,22,22
139.5,127,144.25,185,164.5,194,255,220,262,2009,620,RL,36,33,33
116,109,116,198,194,200,258,247,258,2009,649,RP,125,107,107
156,146,156.6,200,168,249,260.4,253,261,2009,568,RL,17,17,17
95,95,233,257,256,257,261,260,261,2009,733,RL,10,10,10
95,95,95,257,256,257,261,260,260,2009,733,RP,11,11,11
115,108,115,187,179,191,263,250,263.4,2009,622,RP,106,98,98
113,106,113,167,163,169,264.25,243,276,2009,646,RL,132,126,126
156.85,137,163.95,211.5,193,226,265.15,254.7,269,2009,567,RL,40,39,39
128,119,128,192,187,194,266,263,266,2009,622,RL,111,102,102
133,128,133,207,202,211,275,262,276,2009,649,RL,122,100,100
107,94,107.55,200,184.5,210,276,266.25,279.25,2009,676,RP,92,78,78
143,115,115,214,207,214,277,270,270,2009,617,RL,26,26,26
114.2,109,115,187,184,192,278,246.8,278,2009,648,RL,56,53,53
80,10,10,265,150,265,283,279,283,2009,3672,RL,11,11,11
80,10,10,265,157,267,283,279,283,2009,3672,RP,12,12,12
91,76,95.4,190,182,199,284,271,298,2009,673,RL,72,72,72
48,46,48,178,169,185,287,283,287,2009,3700,RL,74,74,74
74,58,74,185,178,190,287,281,286,2009,3700,RP,74,74,74
85,85,105.9,192.5,175,219.5,297,230,297,2009,3673,RP,9,9,9
116,107,117,208.5,185.5,225.5,304,282.5,305,2009,676,RL,99,83,83
106.4,103,115.5,238.5,190,249,316.35,255,324,2009,647,RP,18,16,16
106,69,106,133,127,133,319,305,319,2009,701,RL,15,15,15
78.9,69,97.1,132,106,132,319,188,319,2009,701,RP,13,13,13
178,178,189.9,234,190,255,319.5,267.3,333,2009,647,RL,19,16,16
85,85,101.5,230,192,230,322,273.389392,322,2009,3673,RL,10,10,10
115,114,123,196,155,211,325,251.2,326,2009,702,RL,36,35,35
112,106,114,151,127.5,166,325.25,268.25,326,2009,702,RP,23,22,22
10.6,9,17,112,110,167,345,340,345,2009,3727,RL,26,26,26
13.7,9,17,151,111,182,346,333.8,361,2009,3727,RP,46,46,46
133,132,133,136,134,136,149.95,139,154,2010,729,RE,9,9,9
122,121,135.65,176,167,179,206.4,202,249,2010,591,RL,31,28,28
101,91.5,104,163,146,167,209,202,243.5,2010,591,RP,38,38,38
111.8,103,114,150,121,166,212.2,180.6,233,2010,567,RP,17,16,16
94,93,101,182,149,192,227,206,232,2010,675,RP,24,22,22
159.85,159,161.7,194.5,180,202,227.3,204,229,2010,568,RL,18,16,16
145.4,144,151.4,176,164,182,227.8,196,279,2010,739,RL,29,23,23
174,174,175,193,175,193,229,202,229,2010,507,RE,9,9,9
147,147,153.75,172.5,151.5,216,230,216,230,2010,592,RL,10,9,9
150,149,150.3,172,168,174,233,217.728895,233,2010,649,RE,24,23,23
130,121,135,195,183,197,234.1,231,236.25,2010,595,RP,36,34,34
113.5,113,131.5,191,178,203,236.5,224,258,2010,675,RL,20,19,19
101,101,149,191,102,199,240.4,221,254,2010,617,RP,11,11,11
119.95,105,137.6,178.5,158,197,244.55,219.55,264,2010,620,RP,30,30,30
142,130.1,150,196,177,197,245,235.8,246.8,2010,595,RL,50,41,41
192.1,146,197,239,226,239,247,240.05,243.75,2010,590,RL,9,9,9
75,75,95,226,183,230,247,239,247,2010,590,RP,13,13,13
129,124,129,174,158,190,248,240.65,257,2010,507,RP,34,34,34
164,164,164,207,197,207,249,248,248,2010,621,RL,14,13,13
160.85,101,164,213.5,203,220,249,242.3,248.05,2010,621,RP,12,12,12
125,110,140,166,161,178,253.8,243.4,285,2010,593,RL,63,49,49
122,121,122,167,149,187,255,191,258,2010,594,RP,13,12,12
101,94,101,173,170,176,257,254.35,257.35,2010,646,RP,105,102,102
143.8,141,148.8,178.5,164,205,261.55,233.75,276,2010,567,RL,30,26,26
153,142,150.25,162,158,170,262,194,267,2010,622,RE,18,18,18
119,110.8,120,175,172,176,264,255.4,269,2010,646,RL,100,96,96
121,116,133.65,185,167,211.5,266,253.45,275,2010,594,RL,21,21,21
98,96,98,185,181,186,266,262,266,2010,649,RP,148,122,122
89,83.05,84.25,138.5,134,151,267,259,267,2010,702,RL,49,47,47
84,83,84,142,134,151,267,248,282,2010,702,RP,59,56,56
146.7,137,147,210,200,213,269,259,269,2010,507,RL,46,44,44
96,94,96,186,182,189,269,267,281.15,2010,622,RP,123,116,116
146.9,126,152.8,198,179,210,270.5,261.3,313,2010,620,RL,55,50,50
99,99,101,169,154,169,273.55,268,305,2010,701,RP,13,13,13
110.8,97,119,197,176,226,275,253.2,296,2010,647,RP,37,36,36
110,105,110,186,182.6798316,186,275,267,275,2010,649,RL,135,113,113
106.5,83,113.25,149,138,162,281,232,285,2010,593,RP,29,27,27
105,104,105,157,153,165,282,228.2,282,2010,648,RP,43,39,39
104,99,104,215,209,223,282,264.4,280.2,2010,673,RL,45,44,44
99,97,99,209,193,209,282,265,292,2010,673,RP,41,40,40
93,91,91,188,177,192,282,278,282,2010,3700,RP,75,75,75
109,104,109,176,161,192,282.2,242,285.2,2010,648,RL,49,43,43
122.45,111,139,208,181.5,223,282.3,254,304,2010,647,RL,48,43,43
114,110,114,200,186,206.5,283,281,283,2010,622,RL,120,109,109
97,92,100,196,184,206,289,275.15,291,2010,676,RP,97,80,80
91,54.1,93,191,174,192,289,282,289,2010,3700,RL,62,62,62
233,115,233,267,243.5,267,290,282,290.65,2010,616,RP,12,12,12
115,100,116,206,191,213,291,284,297,2010,676,RL,87,72,72
119.1,91,126,219,189,228,291.7,254.9,315,2010,619,RP,43,39,39
65,65,83,189,85,254,293,255,293,2010,3672,RL,13,13,13
64.75,64,65,189.5,86,193,293,262,293,2010,3672,RP,14,14,14
156.5,118,173,220,210,239,293.25,280.75,301.5,2010,619,RL,37,34,34
129,125,129,220,209,222,304,297,305,2010,729,RP,88,88,88
146,99,146,173,169,174,305,262,305,2010,701,RL,18,18,18
233,155,233,271.5,260,280,310,288,310,2010,616,RL,15,15,15
133,132,132,222,213,222,312,305,305,2010,729,RL,96,96,96
72,72,74.85,151,131.5,255,320,280,345,2010,3727,RL,10,10,10
47.3,23,75,176,142.5,242,350.15,293,355,2010,3727,RP,25,25,25
NA,NA,NA,254,253,253,256,256,258,2010,733,RL,9,9,9
126,126,127.9,138,133,143,150.25,150,155.7,2011,729,RE,12,12,12
92,79,87.45,151,100,151,179,171.05,179,2011,617,RP,12,12,12
99,71,99.4,169,151,172,188.6,180.8,191,2011,617,RL,18,17,17
156,156,156,169,157,157,196,195.6,195.6,2011,590,RL,9,9,9
155.6,155,156,177,166,177,201.4,196,208,2011,622,RE,27,24,24
154.25,154,156.5,178,170,181,208.75,187.75,210,2011,620,RE,17,17,17
149,139,149.1,185,150,196,212,204,228,2011,621,RP,15,15,15
149,149,150,183,174,183,215.1,212,256,2011,621,RL,14,13,13
131,121,131,191,145,206,224,207,224,2011,566,RP,14,14,14
141,130,141,183,153,183,224.8,213,277,2011,591,RL,12,11,11
129.25,127,142,204,154,212,229.8,216,234,2011,562,RP,16,16,16
145.15,141,147.15,193.5,159.5,205,230.7,218,257,2011,567,RP,24,23,23
168,165,176.5,199,187,202,238,222,245,2011,507,RE,15,15,15
128,120,128,181,172.5,183,242.75,242,268,2011,648,RP,35,34,34
60.5,50,92,107,98,113,243.25,218,247,2011,730,RP,13,13,13
135.2,124,139.2,172,159,198,243.4,212.6,245,2011,739,RP,17,17,17
162,145,168,191,182.7543394,200,244.4,228.2,282,2011,739,RL,49,39,39
162,155,162.9,183,178,207,244.6,240.2,268,2011,648,RE,13,13,13
150,149,153,189.5,175.5,212,245.25,234,259,2011,566,RL,37,33,33
124.8,118,135.2,181,169,183,246,240,254.8,2011,648,RL,40,37,37
103,99.96625163,103,181.5,180,183,246.4,241.25,254,2011,646,RP,46,45,45
141,127,141,170,169,170,247,226,247,2011,589,RL,17,17,17
150,148,150,177,170,177,247,226,247,2011,589,RP,11,11,11
161.85,159,164.7,222,200,224,248,234.05,248,2011,535,RL,13,12,12
149.75,114,155.15,205.5,183,212.5,250.65,239.25,312,2011,620,RP,44,41,41
150.65,144,155.75,199.5,169,217,251.45,226.3,260,2011,619,RP,20,20,20
111,104.75,118,180,154,182,254,239,254,2011,646,RL,49,48,48
138.25,127,146.5,213,187,223.5,256,240.25,267,2011,562,RL,22,21,21
155.6,134.2,159,207,196,211,257.6,235.8,262,2011,595,RL,60,50,50
144,102,156,207,192,224,258,252,269,2011,595,RP,31,27,27
131,124,126,180,164,192,259,249,262,2011,507,RP,39,39,39
161.05,151,170.25,216.5,193,232,261,238.85,268,2011,619,RL,22,21,21
115.7,113,125,212,180,216,261,241.9,279,2011,647,RP,19,18,18
149,137,153,210,202,215,262,250,262,2011,507,RL,44,43,43
146.95,120,150.65,164,157,191.5,263.45,245,278,2011,593,RP,34,31,31
77,76,77,211,194,216,265,246,265,2011,673,RP,32,31,31
99.4,50,107,198.5,150,225,266,230.7,267,2011,672,RL,14,13,13
155.2,154,165.4,210,183,229,267,253,312,2011,620,RL,45,44,44
144,132,145,183,177,184,268,232.7,289,2011,649,RE,23,22,22
72,71,72,139,126,140,272,252,272,2011,729,RP,92,92,92
133,129,134.2,157,146,190,273,221.2,282,2011,594,RP,16,15,15
115,104,115,177,169,178,278,272,278,2011,622,RP,107,96,96
126,125,126,212,165,222,278,240,279,2011,647,RL,21,20,20
97,49.2,97,211,194,219,278.7,265,279,2011,673,RL,38,35,35
156,152,157,189,177,193,280.8,259,283,2011,593,RL,74,59,59
114.3,114,120,185,182,190,281,269.4,281,2011,649,RP,104,87,87
122,114,122,205,190,211,281,269.2,281.05,2011,676,RP,69,59,59
130,116,130.8,203,143,219,281.8,239.6,298,2011,702,RL,25,24,24
153.6,150,157,212,191,222,282.1,262.8,312,2011,567,RL,59,50,50
113,79,79,155,141,155,283,204,283,2011,701,RL,14,14,14
78,78,79,144,113.9316573,144,283,222,283,2011,701,RP,15,15,15
130,114,130,207,150,234,286,239.4,298,2011,702,RP,18,17,17
120,114,120,190.5,185,197,286.25,282,289,2011,649,RL,99,86,86
57,56,56,195,183,197,288,280,288,2011,3700,RP,54,54,54
122,118.9,122,212,197,212,289,281,289,2011,676,RL,73,60,60
57,57,92.45,113,98.5,127,289,282,289,2011,730,RL,15,15,15
145.4,139,149,205,179,223,289.3,254.1,306,2011,594,RL,35,34,34
80,53,80,197,94,267,293,270,270,2011,3672,RL,9,9,9
54.75,45,58,177,140,178,294,278,294,2011,3727,RL,28,28,28
73,71,72,150,139,150,295,277,277,2011,729,RL,93,93,93
128,119,129,194,186,197,298,283,306.6,2011,622,RL,113,97,97
65,57,70.95,191,176,193,298.1,288,331,2011,3700,RL,56,56,56
57,45,57.15,158,140,178,348.95,327.35,365,2011,3727,RP,35,35,35
116,113,117,122,120,122,147,139,147,2012,729,RE,20,20,20
92,92,92,155,148,155,207,176,176,2012,674,RL,9,9,9
91.75,87,92,144.5,100,153.5,208.75,159.35,242,2012,674,RP,12,12,12
151.8,146,154,176,168,180,216.2,207.8,238,2012,622,RE,29,29,29
168.1,159,174,197,189,200,219,210.6,230,2012,507,RE,21,21,21
128,123,128,156,152,156,227,213,227,2012,507,RP,45,45,45
149.8,133,154,175,158,202,231.4,210,245,2012,590,RL,17,17,17
124.35,91.45,131,193.5,182,202,231.65,221,234,2012,592,RP,50,50,50
134.9,127,139.9,188,168,202,236.1,230,248,2012,739,RP,39,36,36
124.8,110,126,152,147,177,236.3,225.6,246.1,2012,594,RP,85,68,68
134.3,128.1,139.6,174,166,177,238.4,231,257,2012,594,RL,103,79,79
163,153,165,196,185.5,204,240,234,255.2,2012,739,RE,28,26,26
93.2,82,100,177,147,193.5,240.9,222,244,2012,647,RP,67,55,55
145,141,147,183,163,188,241.1,203,260,2012,593,RE,30,29,29
125,110,126.65,179,169.5,186,241.1,235,253.2,2012,593,RP,146,111,111
110,105,124.75,180.5,162.5,186,241.25,229,245,2012,566,RP,92,86,86
174,147,174.2,183,176,185,241.4,190,247,2012,566,RE,16,16,16
99.45,91.35,104.35,179,151,192.5,242.1,222,244.65,2012,647,RL,69,58,58
127,107,137.2,201,188.5,214.5,242.75,237.15,253,2012,567,RP,48,43,43
130,130,135,142,131,148,243,177.4,243,2012,562,RE,11,11,11
114,105,130,160,142,169,243,217,246,2012,562,RL,40,32,32
85,85,92,131,130,135,243,212.5,243,2012,562,RP,23,20,20
133,131,133,189,177,191,245,234,245,2012,507,RL,61,57,57
125.5,124,138.35,181,168,190,245.4,207.8,247,2012,591,RL,24,22,22
85,83,84.3,124.5,112,129.5,247,145.25,209.95,2012,617,RP,15,15,15
94.45,80,119.95,173.5,143.5,200,247.6,214.25,251,2012,591,RP,18,18,18
147.2,142,154,189,181,197,247.8,241.6,251.8,2012,739,RL,85,65,65
138,134,142.8,181,174,183,253.4,245,261,2012,566,RL,109,97,97
152,97,152,213,186,213,254,237,238,2012,535,RP,11,10,10
139.1,136,141,183,178,186,255,246.9,259.8,2012,593,RL,179,118,118
80.15,71,92.45,184,149,206.5,255,242.25,256,2012,648,RP,44,43,43
144,132,145.4,191,169,210,255.9,241.7,280.5,2012,567,RL,63,57,57
117,108,135,203,175,228,256,245,288,2012,618,RP,21,21,21
152,152,152,213,186,213,257,239.6,254.3,2012,535,RL,14,12,12
138.8,128,151,172,160,195,257,232,278,2012,620,RE,41,35,35
128,106,131,193,188,197,257,243,259,2012,620,RP,149,108,108
168.3,162,174.4,231,188,244,258.3,247.2,261,2012,618,RL,19,19,19
99.9,93,118.3,209,192,216.5,260,253,266.7,2012,619,RP,136,110,110
145,138.4,146,212,198,218,260.8,256,271,2012,592,RL,96,89,89
92.8,80,104,154,131,184,265.65,242.15,287,2012,702,RP,45,43,43
127,104,132,204,160,211,266,236,295,2012,595,RP,40,34,34
98.1,77,106.55,181.5,153.5,200,266.2,246.2,320.85,2012,648,RL,52,49,49
84,84,98,198,98,198,267,258.6,267,2012,3673,RL,9,9,9
98,98,98.4,198,122,198,267,261,267,2012,3673,RP,10,10,10
150.35,125,154,203,180,222,267.2,239,276.1,2012,649,RE,32,31,31
105,99,105,180,174,181,268.6,265,269,2012,622,RL,151,135,135
99,95,99,187,181,191,269,265,269,2012,622,RP,147,133,133
93.7,75,99,151,120,177,271,261,285,2012,621,RP,45,45,45
134,108,145,209,188,223,272.4,248.6,295,2012,595,RL,53,52,52
133,127,135,193.5,188,197.5,273,267,280.5,2012,620,RL,171,123,123
110,95,110,186,180,192,273.8,268,285,2012,621,RL,35,33,33
123,113,127.7,216.5,205,228,275.2,261,313,2012,619,RL,133,108,108
154,96,155,239,231,245,277,273,277,2012,646,RL,45,39,39
97,90,97.7,197,186,201,277,274,279,2012,649,RP,170,136,136
154,96,154,238,210,238,277.6,274,287,2012,646,RP,36,33,33
143.5,139,168,237,224,239,278.5,250,293,2012,619,RE,18,17,17
106,99.35,106.35,201,196,204,280,277,286,2012,649,RL,183,140,140
98,91,104.1,213,202,218,287,280,288,2012,676,RP,147,105,105
67,63,63,194,189,196,287,280,309,2012,3700,RP,41,41,41
104.15,90,118,186,148,225.5,289.55,268.4,313.25,2012,702,RL,44,42,42
105.5,98.5,108,217,207,227,292,285,294,2012,676,RL,153,105,105
133,133,147.95,216.5,148,227,294,242,294,2012,676,RE,10,10,10
68,65.01649461,68,159,147,165,294,288,294,2012,729,RP,125,125,125
133,111,164,245,240,245,296,271,296,2012,701,RL,10,10,10
99,95,111,240,199,242.5,296,271,296,2012,701,RP,10,10,10
71,70,70,172,167.5745206,172,297,296,297,2012,729,RL,135,135,135
85,85,85,126,112,126,298,247,298,2012,617,RL,15,14,14
98,98,119,236,232,238,308,287,308,2012,673,RL,19,18,18
98,98,120,233,217,238,308,265,308,2012,673,RP,17,17,17
45,21,45,194,189,196,309,280,309,2012,3700,RL,43,43,43
87,87,87,203,119,203,326,287,287,2012,672,RL,10,10,10
36.1,1,53,127,97,139,330,231,330,2012,3727,RL,30,30,30
46,3.5,53,139,93,199,330,295,336,2012,3727,RP,37,37,37
144,136,144,169,164,170,210,202,210,2013,507,RP,31,31,31
160,160,167.8,189.5,169,196,212.6,198.4,216,2013,568,RE,12,12,12
149,149,182,204,201,206,220,210,225,2013,507,RE,13,11,11
152,149,154,182,172.5,187,222.25,203,254,2013,593,RE,36,30,30
131,131,163.65,169,164,191,223,193.3,223,2013,739,RP,12,12,12
98,98,153,205,169,209,227,209,227,2013,673,RL,13,13,13
98,96,96,202,153,153,227,216,216,2013,673,RP,10,10,10
115.4,111,119.4,148,136,151,232.2,222,247,2013,736,RP,47,40,40
173,173,174,182,180,183,233.75,208.5,240,2013,563,RL,16,14,14
151.9,136,160,196,170,201,234.6,218.3,250,2013,568,RL,35,32,32
139,126.05,141.75,194.5,188,203.5,235.65,229.3,259.85,2013,592,RP,57,51,51
127.6,93,148.6,167,160,171,237.4,195.4,279,2013,568,RP,25,23,23
138,134,146,211,162,224,239,230,241,2013,591,RP,21,20,20
159,95,159,179.5,173,185,239,218,242,2013,622,RE,39,35,35
158,146,158.35,182.5,169.5,192,241.3,212,242,2013,535,RP,14,14,14
126.4,122,134,185,164,191,241.8,228.6,274.8,2013,566,RP,67,61,61
136,135,137.65,189,186,196,242,206,242,2013,621,RP,32,28,28
102,101,117.5,211,189,219,242.5,235,244,2013,703,RP,31,29,29
156,140.2,157.3,183,175,185,243,236,258,2013,739,RL,58,48,48
136,124.5,138,189,182,195,244,235.5,252.5,2013,593,RP,117,89,89
150.25,148,152.5,199.5,178.5,214.5,244,229,248,2013,620,RE,23,23,23
119.6,89,132.35,184,152,214,244.05,219,250,2013,675,RP,18,18,18
121.5,118,132,209,185,216,244.5,219,250,2013,617,RP,17,13,13
152,150,152,189,181,197,246,231,262,2013,595,RE,38,36,36
124,116,127,200,193,205,246.9,242,260.4,2013,595,RP,147,101,101
142,125,145,184,159.5,201,247.2,211.5,271,2013,675,RL,18,16,16
166,166,171,197,170,223,247.8,231.8,267,2013,565,RL,11,11,11
155,152,158.7,192,186,199,249,242.1,261.9,2013,592,RL,95,85,85
126.35,112,138,204.5,193.5,211,249,239.6,260,2013,620,RP,107,86,86
145.75,139.35,155,207,202,215,249.65,246.65,253,2013,619,RP,105,87,87
132,118,146.85,216,195,217.5,250,222.45,262,2013,617,RL,19,15,15
159,157,162,206,201,210,254,247,256,2013,507,RL,46,42,42
158,152,152,185,178,192,254,242,254,2013,535,RL,21,19,19
142.2,128.2,151,208,199,215,255,241,269.4,2013,567,RP,86,73,73
121,118,124.85,180,154,188,255.15,235.6,276,2013,736,RL,61,51,51
148.6,139,161,211,178,229,255.6,242.2,259,2013,646,RL,25,25,25
111.6,104,118,194,176,197,256.4,245,263,2013,648,RP,71,61,61
113,97,126.6,217,147,226,256.9,242.4,265,2013,703,RL,23,22,22
149.85,136,155,213.5,201.5,221.5,257,245,285,2013,619,RL,78,69,69
148,132,151,200,193,206,257.5,246,268,2013,595,RL,184,117,117
174.85,174,175.85,193.5,179.5,202,258.05,208.65,281,2013,566,RE,18,17,17
147.3,145,152.1,189,173,208,259.7,250.7,264,2013,649,RE,56,47,47
75,74,74,151,147,151,260,256,256,2013,729,RL,51,51,51
74,67,67,151,147,163,260,256,260,2013,729,RP,44,44,44
151,148,152,192,187,195,260.5,249,270,2013,566,RL,103,92,92
117.75,103,128.75,188,172,213,260.5,238.75,281,2013,647,RL,36,34,34
177.6,146,191,212.5,200,220,261.7,243.05,274,2013,646,RP,24,24,24
149,144.55,150,195,190,201.5,262,257,266,2013,593,RL,188,120,120
167.35,139,172.55,207,181,230,263.15,248.6,272,2013,562,RL,28,26,26
108,103,108.8,180,121,183,263.6,218.6,277,2013,647,RP,25,23,23
158.05,135.65,164.05,220.5,211,229,264,254.8,280,2013,618,RL,62,55,55
153.8,153,154.8,175,158,191,264.4,207,282,2013,567,RE,17,17,17
138,138,140,169,140,245,265.6,247,271,2013,644,RL,9,9,9
103,83,104,188,174,207.5,265.7,243.3,282,2013,702,RP,53,49,49
145.1,138,149,206,195,212,266.5,258.9,273.9,2013,620,RL,117,95,95
147.65,138,150,197,187,203,267.35,252,281,2013,594,RL,101,79,79
164,164,198,212,198,245,267.4,258,271,2013,590,RL,19,17,17
138.1,126,143,210,194,215.5,268,253.8,280.65,2013,594,RP,64,57,57
141.5,141,146,194,174,229,268.9,238.9,272,2013,648,RE,13,13,13
101,98,101.6,194,179,201,269,258,277,2013,676,RP,146,100,100
138,134,150,205,192,211,270,253.2,276,2013,567,RL,133,98,98
110.35,106,114,200,195,203,272,264,273,2013,649,RP,217,146,146
103,100,104,190.5,173.5,201,274,263.3,292.15,2013,676,RL,131,95,95
181,181,186,245,202,248.5,274.75,263,275,2013,3673,RP,13,13,13
117,111.4,118,200,195,203,275,272,275.65,2013,622,RP,183,142,142
127,124,127.45,203,198.5,207,276,273,276,2013,622,RL,179,133,133
122,117,124,196.5,193,215.9910723,276,263,279,2013,648,RL,72,60,60
159,124.7,160.45,222,213,229,276.2,268.3,283.75,2013,618,RP,59,57,57
140.95,135,147,197.5,187,203.5,279,258,279,2013,621,RL,44,38,38
104.7,100,113.8,207.5,184.5,222,279,266.8,289.15,2013,702,RL,48,42,42
157,157,175.6,192,165,197,281,207,281,2013,594,RE,10,10,10
57.6,41,82,195,191,199,282,276,282,2013,3700,RP,58,58,58
102,102,110,208,173,229,283,245,283,2013,672,RP,14,14,14
100.5,96,108,224.5,144,247,283.75,253.25,286,2013,672,RL,16,16,16
82,41,78.05,199,194,215,285,278,285,2013,3700,RL,57,57,57
121.6,118,123,208,203,209,286,273,287,2013,649,RL,222,140,140
202,182,202,261,252,261,296,263.7,277.1,2013,3673,RL,13,13,13
152.6,149,156.2,171,160,213,301,275.8,313,2013,676,RE,18,16,16
33,1,33,201,151,201,327,241,329.8,2013,3727,RP,18,18,18
36.3,33,55,219,179,240,359.5,269.9,364,2013,3727,RL,14,14,14
155.8,153,157.2,180,166,186,199,192.9,229,2014,567,RE,22,22,22
151.7,150,159.65,182.5,170,188,200,195.6,223,2014,594,RE,23,21,21
179,175,179,193,181,194,203,197,203,2014,769,RL,13,12,12
164,163,164,183.5,166,198,214,205.25,214,2014,563,RL,15,13,13
157.1,152,158.8,179,163,192.5,218.95,196.15,247,2014,565,RP,12,12,12
155,155,158.9,169,159,185,222.7,191.2,236,2014,562,RE,13,13,13
117,116,118,190,165,203,228,205,233,2014,617,RP,21,21,21
168.8,156,170,198,178,199,229.1,219.1,251,2014,507,RL,25,22,22
137.25,111,151,189.5,163.5,207,229.75,226.25,240,2014,621,RP,26,25,25
118.95,116,138,180.5,155,207,232.4,221,270,2014,617,RL,24,24,24
161,157,168,190,173,201,233.8,217.4,266,2014,590,RL,25,24,24
132.8,130,138,186,171,193,236,227.2,242,2014,566,RP,81,71,71
145,144,151,183,166,187,236,221.4,263,2014,648,RE,28,26,26
194.2,160,196,220.5,210,224,236.4,226.5,244,2014,589,RP,20,19,19
144,133,150,187,166,192,237,223,244,2014,621,RL,41,36,36
153.3,146,159.5,195,173,209.5,238.3,213.9,251,2014,590,RP,22,21,21
155.7,152,161,186,179,192,238.6,208.8,255,2014,595,RE,41,37,37
155,145,156,178.5,165,186,240,226.35,241,2014,620,RE,27,25,25
132.75,129,143.5,172,155.5,199,240.5,212,249,2014,739,RP,26,24,24
163.4,155,169.2,192,185,197,242.6,224.4,270,2014,593,RE,57,46,46
156.2,155,157.4,167,162,175,243,230.8,259,2014,562,RL,22,21,21
151,144,157,181,175,186,243,202.8,261,2014,622,RE,31,27,27
131,116.7337697,131.35,201,182.5,203.5,243.65,238.95,274,2014,620,RP,110,85,85
171.8,165,173,199,186,202,243.9,216.7,283,2014,566,RE,18,15,15
166,161,178,192.5,187,201.5,244,239,266.75,2014,568,RL,29,22,22
140,134,145,190,182,199,246.7,238.45,276,2014,567,RP,107,78,78
102.7,102,108.6,166,151,177,248.3,194,249,2014,675,RL,23,22,22
166,163,170,194,176,202,248.8,235.4,267,2014,565,RL,29,26,26
102.8,102,107,173,141,194,249,236,252,2014,675,RP,23,22,22
139.7,111,157,171.5,162.5,198.5,249.2,220.95,254,2014,562,RP,24,23,23
131.3,116,140.05,207,191,210.5,250,238.55,255.1,2014,619,RP,67,54,54
181.95,181,185.8,205.5,192,213.5,250.7,217.7,264,2014,592,RE,20,20,20
137.6,131.6,141.4,190,183,196,251,241,254,2014,593,RP,161,119,119
169.2,158,172,193,185,199,251.2,209.2,256,2014,619,RE,17,16,16
151,126,154.9,203,189,207,251.4,245,267,2014,618,RP,67,55,55
147.25,140,161,186,173.9846074,186,251.5,242,278,2014,649,RE,35,32,32
152.6,145,156.6,193,185,199,252,243,267,2014,566,RL,109,83,83
156.25,137,161.25,210,200,216,252,245,280.5,2014,618,RL,57,43,43
116,110,114,187,179,193,252,242,263,2014,648,RP,114,82,82
152,151,157.4,186,172,197,254.3,223.1,261,2014,591,RL,39,37,37
100.1,92,107.15,187.5,174.5,203.938555,254.9,238.95,271,2014,702,RP,82,69,69
139,131.5,151,201,189.5,213,256.45,249.15,262.75,2014,619,RL,64,54,54
138.9,129,147.05,182.5,167,204,256.55,220.65,261,2014,591,RP,30,29,29
156.3,152,160,200,191,204,257,245.1,262,2014,592,RL,91,80,80
152.35,149,155.7,201,192,207.5,258.25,250,268.65,2014,567,RL,147,102,102
150.7,143.8,153.4,207,198,213,258.8,240.6,269.8,2014,592,RP,91,80,80
144.9,133.45,151,195,186,203,259.55,251.65,263,2014,620,RL,129,96,96
150,138,151.95,187,178,193.5,260,246.05,268.1,2014,594,RL,113,84,84
134,129.504813,137,192,170,201,260,252,262.8,2014,594,RP,99,77,77
151,140,152.9,194,189,198,260,248.1,264,2014,595,RL,204,118,118
131,124,132,194,187,198,260,250,271,2014,595,RP,167,105,105
108.5,100,130.4,213,188,231,260.4,241.25,291,2014,703,RP,18,17,17
138.4,122,149,206,184,221,261.6,249,269,2014,736,RP,43,40,40
161.35,159.35,164,199.5,191,207.5,261.65,254.3,265,2014,739,RL,93,77,77
151,145,151,197,192,200.5,263,257,266.65,2014,593,RL,198,119,119
123,116,123,187,179,193,263,244,267,2014,648,RL,118,86,86
143,130,150,220,179,226,263.65,242.8,276,2014,676,RE,18,18,18
137.6,111,141.6,215,151,229,266.4,253.2,269,2014,703,RL,25,24,24
170.6,161,195.95,225.5,212,234,268.1,246,272,2014,589,RL,40,40,40
149,130,150,187,174,200,269.65,256,283,2014,736,RL,62,59,59
102.3,97.2,103,194,168,200,270.4,260,276,2014,676,RP,110,82,82
79.9,79,88.9,154,109,196,271.6,229.3,277,2014,672,RP,19,18,18
121.25,117,202.75,229.5,219,239,272,240,273,2014,733,RL,13,13,13
132.1,124,160.25,196.5,181,219,273.45,244,306,2014,646,RL,42,37,37
119.9,113,156,193.5,182,215,274.8,249,297,2014,647,RL,42,41,41
117,102,131,200.5,177.5,213,275,242,297,2014,647,RP,30,28,28
129.25,122,135,210.5,194,216.5,275,260,282.75,2014,676,RL,106,85,85
113.6,103,126.9,192.5,177,211,278.6,264,313,2014,702,RL,94,81,81
112,109,115.55,215,210,219,281,276,286.45,2014,649,RP,248,158,158
89.85,87,90,156,115,209,281.15,257.95,284,2014,672,RL,20,19,19
100.3,96,106.5,182,149,194,284,228.1,306,2014,646,RP,27,27,27
118,115,122.9,205,196,210,289,279,290,2014,622,RP,187,133,133
132,130,135.6,200,193,207,290,282,298.35,2014,622,RL,180,122,122
123,116.95,124,214,207,219,290,281,297,2014,649,RL,256,148,148
90,90,102.55,191,103,221,292,227.45,292,2014,673,RP,11,11,11
154,154,171.35,185.5,173,191,197,191.15,197,2015,621,RE,11,9,9
158.9,150,164,178,172,183,199.4,192,242,2015,595,RE,31,28,28
141,141,152,178,160,160,202,192,192,2015,563,RL,13,13,13
153.4,149,157.25,186,166.5,189.5,206,195.35,242,2015,594,RE,21,18,18
147.65,143,174,190,179,190.5,207.7,198,208,2015,562,RE,15,14,14
160.8,157,175.25,195.5,189,205,218.4,209.85,245,2015,592,RE,20,17,17
123,118,126.25,179,156,189,222,196.75,235,2015,621,RP,26,23,23
150,149,154,176.5,169,185,223.95,213.35,254,2015,567,RE,37,34,34
152.5,146,159.35,175.5,173,177,223.95,209.85,232,2015,622,RE,39,29,29
143.05,108,148.15,173.5,158,199,224.5,212,250,2015,589,RP,28,26,26
176,176,190,202,194,211,228,211,228,2015,739,RE,14,12,12
153,140,154.95,186.5,183,191.5,231,216.1,241,2015,593,RE,61,49,49
152.4,149,162.35,203,180,218,231.6,221.15,252,2015,566,RE,18,18,18
138.1,134,152,182,163,186,232,206,269,2015,621,RL,43,39,39
150,145,152.1,175,170,185,233.2,219,260,2015,620,RE,45,36,36
122.75,118,126.75,181,163,187,233.5,220,269,2015,566,RP,96,74,74
144.65,143,155.8,216,173,220,233.7,222,234,2015,564,RP,14,14,14
129.15,129,130,156.5,136,170.5,234.8,182.85,239,2015,647,RE,14,14,14
154.45,144,158.25,190,172,193,235.4,200.75,243,2015,565,RL,20,17,17
117.65,108,134,166,147.5,190.5,237.05,212.1,265,2015,591,RP,24,23,23
156,151,159,186,179,188,242,234,250.8,2015,564,RL,68,59,59
135.4,127,137.4,186,165,189,242,238,260,2015,594,RP,89,68,68
112.4,102,119.8,192,167,210,243.2,230.6,252,2015,674,RP,17,17,17
129,123,134,186,177,190.5,245.35,241,249,2015,593,RP,165,117,117
127.5,106,133,173,165,183,248.5,221.5,279,2015,562,RL,47,45,45
129.85,124,135.7,186,178,191,250,242,251.6,2015,595,RP,134,95,95
101,93.2,101.7,204,182,212,250.6,247.3,256.6,2015,702,RP,100,85,85
108,100,108,186.5,165,205,252,246.35,254,2015,675,RP,46,42,42
119.6,116,123.6,190,133,206,252.4,220.8,279,2015,562,RP,25,25,25
145.5,141,147.75,191,184,197,253,240.75,258,2015,566,RL,121,91,91
134,125.15,140,192,176.5,202,253,248,259.85,2015,620,RP,142,97,97
126.3,118,151.75,218,183,224,255.7,246.7,283,2015,590,RP,24,22,22
139,136,143,179,170,182,256,222,319,2015,648,RE,27,25,25
134.25,133,135.25,216,157,229.5,257,246,284,2015,676,RE,24,24,24
134.2,128.1,138.2,192,184,199,257.5,245,264.6,2015,567,RP,113,90,90
126,108,127.05,182,169,211.5,257.9,254,262,2015,675,RL,53,49,49
109,105.7901471,116,188,180.5,198.5,258.35,254.9,295,2015,648,RP,154,112,112
101,94,101,216,198,224,259,245,273,2015,703,RP,61,52,52
144.8,141,148.4,192,186,198,260.6,251.6,271,2015,595,RL,175,108,108
145.7,141,147,192,187,194,261,257,263,2015,593,RL,215,131,131
118.8,114.4,127.8,204,165,218,261.2,258.4,262,2015,736,RP,51,47,47
164,159,165,193.5,190,198,261.35,241,271,2015,739,RL,93,68,68
142.2,137.2,148,187,182,192,261.8,258.8,269.4,2015,620,RL,160,112,112
136.05,128,140.2,203,178.5,222,261.9,248,279,2015,736,RL,62,55,55
144,138,147,191,170,205,262.45,232.35,275,2015,739,RP,33,30,30
136.75,108,143.75,197.5,177,214,262.75,247.25,290,2015,617,RL,36,35,35
118.5,108,137.75,182,147,201,262.75,233.25,283,2015,617,RP,26,26,26
147.5,132,152.8,198,186,204,263,249.8,277.1,2015,646,RL,61,57,57
149,145,149.7,194,184,202,263.3,258,266.3,2015,567,RL,143,103,103
150,146.5,153,192,183.5,202,263.5,256,269,2015,592,RL,110,81,81
127,106,127,183,152,183,264,240.5995908,264,2015,563,RP,15,15,15
146,118,150,209,196,216,264.8,251.6,282.1,2015,618,RP,47,47,47
136.35,129,144.05,209,199.5,215.5,265.6,255.65,271.9,2015,618,RL,69,68,68
121.5,101,129,180,149,201,265.75,233.75,299,2015,647,RP,35,33,33
107,96,110,195.5,186,205,266,260.1,285,2015,676,RP,175,127,127
161.65,137,168.65,194.5,187,226.5,266.35,245.7,287,2015,568,RL,34,33,33
146,137.05,146,192,186,198,267.75,259.95,285,2015,594,RL,115,85,85
129.6,101,133.2,188,177,199,268.4,245.6,355,2015,647,RL,53,50,50
102.75,101,119,205,196,212.5,269,253.4,296,2015,646,RP,41,37,37
140.3,108,147.75,211,199,216,269.45,251.4,286.75,2015,619,RP,72,57,57
155.15,150,166.15,191.5,174,217,269.65,251.45,295,2015,619,RE,22,21,21
82,82,115,196,115,243,271.2,262.3,273,2015,672,RP,19,17,17
136.65,122,139.65,198,189,204.5,271.7,258,281,2015,592,RP,105,89,89
149.2,143,153,213,200,216,272,266,295,2015,619,RL,86,67,67
158,125,160.25,222,212.5,235.5,272.55,268,310,2015,589,RL,50,45,45
106.3,101,114,191,173,214,273,258,292,2015,702,RL,127,105,105
158,154,162.2,255.5,195,260.5,273.85,267,290,2015,645,RL,14,14,14
145,136,146.8,189,175,213,280,239,292.1,2015,649,RE,47,39,39
115,111,117.2,197,189,202,281.8,279,285,2015,622,RP,212,142,142
121.75,102,139.7,220.5,203,228,284.35,267.8,296,2015,703,RL,54,50,50
134.9,133,137,198,192,203,285,267.1,287,2015,622,RL,199,129,129
144,137,146.5,185,165,191,286,256,298,2015,591,RL,36,31,31
78.4,74,96.55,196.5,169,245.5,287.1,264.8,361,2015,672,RL,32,30,30
168,158,186,223,199,234,287.6,255.2,319,2015,590,RL,29,29,29
124,106.25,128.5,204,189.5,215.5,289.5,273.5781847,307.25,2015,676,RL,172,125,125
124.8,123,153.55,234,190,234.5,292.2,271.65,294,2015,733,RL,19,17,17
101,100,121.5,199,185,227,292.5,278,297,2015,673,RL,31,28,28
100.4,91,111,202,185,215,292.6,235.8,297,2015,673,RP,29,27,27
110.95,108.95,115,207,199,212,293,286.05,295,2015,649,RP,275,166,166
186,123,186.2,234.5,216,245,294,281.35,294,2015,733,RP,15,14,14
150.2,150,155.6,213,193.5,217.5,294.65,226.65,296,2015,646,RE,13,13,13
126,121.7,129,218,213,221,304.45,296.3,319,2015,649,RL,273,166,166
119,116,124.7,193,184,200,319,272.3,319,2015,648,RL,159,114,114
152.1,149,156.6,179,170,185,200.6,192.4,232,2016,566,RE,23,21,21
153,152,154,176,170.5,179,201.75,189,228,2016,567,RE,25,24,24
151,150,156,178,173.5,181,203,196,213.3,2016,595,RE,30,27,27
153.05,153,154,174,165,183,204,197.25,207,2016,568,RE,12,12,12
151.75,151,154.25,180.5,171,186,213.5,196,249,2016,594,RE,23,20,20
172,172,179.7,184.5,180,200.5,216.15,205,234,2016,769,RL,12,12,12
164,164,168.7,177,169,186,222,210,222,2016,618,RE,11,11,11
132,127,136,169,151,191,223,216.4,249,2016,564,RP,30,27,27
145.5,131,153,174,168,183,225,202.65,245.05,2016,568,RP,24,23,23
173.6,168,181.6,202,185,210,228.6,215,235,2016,564,RE,17,16,16
172,155,176,189,184,192,229.5,212.5,266,2016,592,RE,31,24,24
152,143,155.85,185,172.5,193.5,230.3,227.15,246.1,2016,564,RL,61,50,50
154.4,152,161.4,186,178,194,233,206,248,2016,535,RL,25,25,25
151,150,156,185,172,188,240,210,262,2016,507,RL,21,20,20
127.45,121,131,162,152,169,244.3,235,258.3,2016,566,RP,84,68,68
154,149.15,162.2,195,180,199.5,246.95,236.7,257.9,2016,568,RL,51,42,42
128.3,120.15,132.15,183.5,168,199,248,238.7,259,2016,594,RP,88,73,73
155.15,137,158,184,178,188,250.25,235.85,258,2016,622,RE,59,50,50
128.5,121,140,174,159,183,250.5,226,259,2016,739,RP,31,30,30
88.45,77,104.4,204,194.5,213,253.25,247,309,2016,675,RP,71,58,58
110.5,108,121.25,198.5,173.5,211,254,241,264,2016,562,RP,36,36,36
169.25,168,172,194.5,187,214.5,254,227.25,323,2016,565,RL,26,24,24
149,114,149.4,219.5,210,226,254.8,246,261,2016,591,RP,40,36,36
108,102.5,109,184,171,189,255,243,269,2016,595,RP,174,124,124
93,69,141,227,214,233,255,245,296,2016,673,RP,31,29,29
111.15,105,130,204.5,172,212,255.1,241.6,304,2016,736,RP,50,44,44
153.6,148,159.6,191,180,194,256,226,272,2016,593,RE,67,56,56
139.8,131,142,189,183,195,257.2,247,264,2016,567,RP,138,100,100
157,149,158,215,202,227,258.75,252.2,291,2016,591,RL,50,45,45
143.55,138.55,148.1,181.5,176,186,259.45,242.7,262,2016,566,RL,122,86,86
137,131,142,192,185,198,260.25,249,264.65,2016,593,RP,201,129,129
118.25,77,150.7,212,202,224,261.75,250.75,289,2016,675,RL,58,48,48
149,140.05,150.05,197,186.5,204.5,261.85,253,272,2016,567,RL,172,119,119
126.7,110,138.6,202,193,207,262.05,254.05,283,2016,620,RP,175,123,123
140.5,139,154,183,168,191,262.1,203.3,264,2016,562,RE,14,14,14
161.4,149,164.85,209,200,213,262.9,254,310,2016,590,RL,76,73,73
146,141,147,194.5,185.5,200,263.9,255,270,2016,595,RL,201,126,126
138.95,138,149.45,217,180,221.5,264.2,232.6,268,2016,563,RP,20,20,20
160.8,138,166.5,184.5,175,212,264.3,227,308,2016,534,RL,20,20,20
149,139,151,193,184,200,266,259,277,2016,594,RL,137,100,100
128.55,108,144.05,208.5,191.5,215,266.9,251,273.7,2016,590,RP,72,70,70
115,107,123.25,205.5,191,221,269,240,277,2016,589,RP,24,22,22
143.9,107,161.4,222,200,229,270.6,258.5,309.2,2016,589,RL,63,60,60
156.35,154,162.35,194.5,183.5,205,271.9,255.65,286.55,2016,739,RL,68,57,57
156,139,159,197,176,221,273,248,283,2016,562,RL,41,41,41
96.2,92,99,196,154,227,274.8,259,289,2016,672,RL,45,45,45
109.8,86,121,214,201,228,275,259.5,295.1,2016,647,RP,67,63,63
150,146,151,200,195,202,276,268.85,280,2016,593,RL,258,146,146
106.55,86,110,212.5,180.5,238.5,276.15,256,281,2016,645,RP,38,38,38
84.95,78,88.95,192,177,199.5,277.05,270,284.25,2016,676,RP,295,190,190
127.5,113,141.2,203.5,181,227,278.05,263.4,304,2016,736,RL,54,46,46
145.6,144,154.8,233,169,243,278.4,251,288,2016,616,RP,17,17,17
156,151.25,162.65,206.5,199,220,279,265,281,2016,592,RL,121,100,100
119.95,112.1,143,189,178,200,279,265,289.35,2016,592,RP,61,55,55
113.5,93,125.7,199,179,212,279.5,268,304.2,2016,617,RL,75,73,73
103.95,62,140.25,222,187,234,279.85,257,309,2016,673,RL,40,39,39
140.45,130.8,143,207.5,198,214,280.55,273.2,287.65,2016,620,RL,209,151,151
114.75,89,149,211.5,201.5,222,281,263.75,297,2016,618,RP,86,86,86
93.45,75,101.7,204.5,118,232,281.2,251.95,306,2016,674,RP,30,30,30
129,116,146.6,210,195,214,281.4,266.2,293,2016,619,RP,111,90,90
147.5,129,155,198,186,218,282,254,286,2016,620,RE,45,43,43
151.8,121,158,211,198,238,282,252.4,308,2016,621,RP,33,32,32
113,87,114,219,201,229,282,274.85,302.95,2016,646,RP,121,93,93
105.8,91,118,194,178,209,283,271,309,2016,702,RL,129,118,118
105.8,98,125.85,233.5,207,247,283.35,275.05,292,2016,645,RL,38,38,38
147.75,144,150,184,177.5,186,284.5,234,310,2016,563,RL,22,21,21
106.5,93,119,202,176,219,285,256,296,2016,617,RP,51,50,50
155.9,114,159.8,201,191,220,285.5,261,308,2016,621,RL,39,38,38
129.6,83,144.3,213,191,228,285.7,268,298.7,2016,647,RL,67,61,61
115.2,89,143,220,192,233,287.5,270,309,2016,674,RL,43,43,43
152.1,142,156,214,200.5,222.5,287.75,267,293,2016,619,RL,103,84,84
161,160,165,210,180,223,288,255.7,293,2016,619,RE,27,26,26
87.7,82,98.35,202.5,140.5,233,289,268,328,2016,672,RP,28,27,27
82.75,76.75,87.5,202,186,213,289,261,304,2016,703,RP,150,128,128
146.55,144,197,246.5,223,265,289.9,276.8,292,2016,616,RL,22,22,22
147,145,156,221,203,232,292,284.4,299.4,2016,649,RE,50,47,47
158.2,132,164,226,212,234,293,276,320,2016,618,RL,70,70,70
105.75,91,107.75,199,193,202,295,291.25,303,2016,622,RP,226,158,158
107.15,107,108,191,179,194,295,292.85,304,2016,648,RL,142,115,115
91,87,95,178,171.5,184,295,292,303.95,2016,648,RP,153,123,123
115,109.65,129,199,192,204,296.05,292,304,2016,622,RL,220,150,150
103,95.4,104,214,201,221,296.4,290.6,304.8,2016,676,RL,275,184,184
91.6,87.4,97,219,205,229,299,286,310,2016,703,RL,126,116,116
144.15,144,145.45,219.5,178.5,247,299.45,276.45,302,2016,647,RE,13,13,13
89.5,79.5,96,198,184,205,301,277.75,304,2016,702,RP,177,149,149
150.4,141,156,191,176,201,301.3,292,312,2016,648,RE,36,33,33
137,120,145.1,227,213,234,306.6,289.7,311,2016,646,RL,129,96,96
104,91,105,207.5,202,215,307.55,301.2,312,2016,649,RP,282,185,185
160,160,193.85,203,194,226,308,247.6,308,2016,621,RE,11,10,10
120.5,113,137,220.5,209,226,311.75,284,318,2016,676,RE,34,33,33
120,118,123,184,134,220,312,277.4,322,2016,702,RE,24,24,24
116,114,119,225.5,213,235.5,313,302.9,322,2016,703,RE,27,27,27
119.65,119,121.3,181.5,143,212.5,313.45,264.45,318,2016,646,RE,19,19,19
111,106,113,222,214,229,315,310,317,2016,649,RL,282,176,176
155,153,156,174,169.5,177.5,194.55,187,271,2017,534,RE,28,25,25
164,161,166.45,186,182.5,190,215,198.95,238,2017,595,RE,40,29,29
174,167,179,200,189,206,218,213,232,2017,564,RE,21,20,20
144,142,145,168,152,184,223,189,290,2017,562,RE,21,20,20
143.4,123,148,183.5,166.5,193.5,225,218,228,2017,563,RL,44,41,41
151.8,139,157,194,183,201,234.2,214.6,265,2017,507,RL,37,35,35
118.55,116,124,160,150,169.5,237,229,260.45,2017,566,RP,60,50,50
130,127,133,171,143,179,237,214.5,238,2017,647,RE,18,18,18
161.8,158,166.75,181.5,176,188.5,238.1,193.85,240,2017,566,RE,20,18,18
153.95,150,156.95,183,176,187,238.6,221.05,252.05,2017,593,RE,70,61,61
135.4,123,149,183,164,216,239.8,225.4,248,2017,563,RP,33,31,31
161,159,163,178.5,174,184,240.9,204.05,262,2017,567,RE,32,31,31
99.3,87,106.65,187.5,148,207,240.9,234.7,294,2017,644,RP,52,52,52
114.4,100,127,195.5,168,210.5,241.95,230.75,288.5,2017,589,RP,62,52,52
154,152,158,195,184,201,242,231.4,255,2017,592,RE,37,34,34
126.2,120,137,169.5,162,177,242,217.6,266,2017,739,RP,52,48,48
157,153,159,186.5,181.5,190.5,243.75,232,263,2017,564,RL,80,63,63
142.2,140,155,168,162,173,248.6,190,268,2017,594,RE,28,28,28
107,98,108,185,155,206,249.2,243.3,268,2017,617,RP,50,47,47
147,141,147,182,174,186,250.6,238.8,259,2017,622,RE,57,52,52
158,158,184.4,193.5,185,203,251,236.25,251,2017,736,RE,13,10,10
129.8,113,142,205,175,213,251.6,247,290,2017,562,RP,47,46,46
159.8,137,168,199,189,213,251.6,238.8,259,2017,565,RL,45,37,37
106,87.25,119,192.5,171,204,252.75,246.75,304.75,2017,673,RL,66,64,64
132.55,99,148,201.5,184,213,252.85,240.4,271.6,2017,621,RP,64,58,58
115,105,173,198,176,224,253,233,280,2017,616,RP,21,21,21
122.3,102.25,134,196,186,201,253.95,247.95,259,2017,619,RP,139,104,104
131.45,130,132.9,164,149.5,170,254,217,265,2017,564,RP,33,32,32
135,123,135,188,183,192,254,248.6,260,2017,593,RP,233,148,148
116,109,118,184,172,192,256.95,241.65,270.6,2017,592,RP,128,91,91
156.8,152,159.2,169,163,197,257.8,214,273,2017,535,RP,17,17,17
129.3,107.6,136.6,208,186,221,257.9,250.8,270.8,2017,589,RL,63,58,58
102.25,90.5,105,171,149,183.5,258.5,238,266,2017,647,RP,106,93,93
104.3,100,118.3,194,175,204,258.7,239.7,269.5,2017,675,RP,87,74,74
146.75,142,156,192,177,205,259,253.55,265.55,2017,619,RE,28,26,26
108.8,105,113,184,177,190,259.2,248,270,2017,595,RP,217,137,137
106,99.5,120,200.5,193,212,259.5,253,281,2017,733,RP,42,42,42
67,59,78.75,161,147,169,259.75,245,269,2017,702,RP,183,148,148
150.25,150,152.5,210,165.5,217,260,223.75,271,2017,618,RE,15,15,15
105,98,105,198,189,203,260.6,258,274,2017,646,RP,163,117,117
109.55,105,135.85,212.5,183.7718681,225,261,252.45,281,2017,733,RL,33,33,33
136.2,131.2,138.2,197,174,208,261.8,254,266,2017,594,RP,124,97,97
106,101,118,187,172.5,199.5,262.75,257.25,276,2017,675,RL,96,79,79
114.8,104,129.2,193,171,208,263,250.4,286,2017,590,RP,97,92,92
161.25,156,163.5,181.5,168.5,200,263.25,221,283,2017,535,RL,26,26,26
133.7,99,147,191,183,199,263.3,251.5,278.3,2017,590,RL,75,71,71
136.25,132,138,187.5,176,197,264,243.75,268.75,2017,567,RP,120,91,91
97,94,104,203,176,213,264,245,275,2017,645,RP,61,58,58
157.4,155,161.2,177,170,181,264.4,223.6,302,2017,568,RP,17,17,17
113.3,107,120.2,214,173,226,264.6,253,274,2017,736,RP,67,53,53
142.3,138.65,147,189,185,191,265.35,254,270.35,2017,595,RL,208,128,128
124.1,113,139.1,201,185,217,265.7,246.9,274.65,2017,736,RL,82,61,61
148.2,140.8,161,207,192,219,266,249,288,2017,621,RL,82,74,74
126.1,114,136.4,208,199,217,266.9,256.9,278,2017,591,RP,83,73,73
148,141.2,151.9,189,180,195,267,256.1,273.3,2017,566,RL,99,81,81
144,133.4,146,196,185,205,267,259.6,277,2017,591,RL,84,72,72
147,143,149,199,196,202,267,263,267,2017,593,RL,278,152,152
117,106,120,196,190,202,267,261,274,2017,620,RP,214,142,142
148,137.7236415,148.25,189,183,194,267.5,255,281,2017,592,RL,133,92,92
105.3,99,113.5,170,160,177,267.6,235.4,270.7,2017,534,RP,57,48,48
77.9,56.85,92,193.5,176,204,268.55,236.2,299,2017,673,RP,70,65,65
111.75,104.75,121,193,174,212,268.75,256.5,280.25,2017,617,RL,76,72,72
165,158,168.3,204,193,209,268.75,260.75,280,2017,739,RL,114,88,88
153,140.8,158,198,191,206,269,264,283,2017,620,RE,75,61,61
103.85,94,112.8,205.5,182,224,269.15,252.3,292,2017,645,RL,58,57,57
138.8,134,151,178,169,187,269.2,240,270.8,2017,534,RL,75,61,61
146,144,149.75,186,182,201,269.25,242.25,274,2017,591,RE,17,16,16
98.8,93,100,171,162,175,270,261.2,272.4,2017,648,RP,192,134,134
118,94,122,196,142,205,270,244,288,2017,702,RE,30,29,29
105,83,126,207,197,217,271,264.8,280,2017,618,RP,104,100,100
149.9,144.4,153,210,201,217,271.2,263,282.8,2017,618,RL,88,86,86
133.25,115,147,202,179.5,217,271.25,259.25,326.75,2017,674,RL,66,63,63
127,113,127,193,177,202,272,257,281,2017,562,RL,69,66,66
162.2,27,166.6,207,185,217,272,252.6,273,2017,568,RL,65,58,58
115.3,103.3,122.1,183,164,198,272.4,258.7,278.2,2017,647,RL,107,94,94
106.2,104,108,180,175,183,272.8,268.8,274,2017,648,RL,195,137,137
119,108.4,129.2,195,184,202,273,261,278,2017,646,RL,169,119,119
91.8,81.6,98.4,166,155,181,273.2,269.2,283,2017,702,RL,176,136,136
107.2,87,117,186,159,211,273.4,263.6,288,2017,644,RL,77,76,76
154.3,147,159,202,193,210,273.7,263,292.7,2017,567,RL,165,110,110
137,130,144.05,198,187,210,274,264.3,292.95,2017,619,RL,148,114,114
140,134,144.4,173,162,176,274,209,274,2017,648,RE,44,36,36
88,83,90,224,161,244,274,254,280,2017,672,RP,38,37,37
91.25,83,130,191.5,161,211.5,274.25,247.5,331,2017,674,RP,56,53,53
143,138,146,204,197,209,274.7,269,283,2017,620,RL,225,146,146
87.7,83,90,223.5,175,243,274.9,272.15,280.15,2017,672,RL,45,41,41
151.4,112,161.7,201,177.5,234,276.3,259.3,280,2017,616,RL,38,36,36
118,106.9,121,202,162,209,278,254.3,290,2017,676,RE,72,72,72
140,119.15,146,211,191.5,216.5,278.1,261.2,281.1,2017,649,RE,67,60,60
95,88.3,99.1,189,181,195,279,273.9,280,2017,676,RL,306,191,191
85.3,77,92,183,171,188,279,268.9,283.8,2017,676,RP,329,204,204
90.65,69,98.1,181,163,201.5,279.35,269.05,297.25,2017,703,RL,132,123,123
86,86,90.85,235,91,250,280,267,280,2017,672,RE,11,11,11
113.95,108,118,197,190.5,201,282.05,268.2,291,2017,622,RP,311,170,170
80.3,64.55,86.65,193,178,204.5,282.35,278,289.35,2017,703,RP,135,123,123
123.95,119,130,213,179.5,224,283.85,260.85,287,2017,646,RE,16,16,16
92,88,101,153.5,128,215,285,244.8,295,2017,703,RE,30,30,30
147,141,148,202,194,210,291.4,268.8,295,2017,594,RL,168,114,114
132,124,135,200.5,196,206.5,295,291,300,2017,622,RL,277,160,160
105,101,105,211,204,213,296,293,297,2017,649,RL,333,192,192
99,94,99,204,197,207,296,294,298,2017,649,RP,340,200,200
148,147,148,171,165,171.5,194.3,186.35,251,2018,534,RE,33,27,27
151,151,174.6,184.5,177,193.5,198.4,195,212,2018,535,RE,12,12,12
154,151,157.6,178,172,183,201,195.8,239,2018,595,RE,35,30,30
155.95,155,157.9,183,169,187.5,202.05,197.25,209,2018,507,RE,25,24,24
159.05,153,166,180,175,188,206.9,199,228,2018,594,RE,42,33,33
160,153,161,186,173.5,192,209,202.65,209,2018,563,RE,25,23,23
150,150,156,166,156,181,215,188,215,2018,736,RE,12,12,12
149.3,148,151,181,176,184,218.1,209.7,246.8,2018,593,RE,97,77,77
155,145,154,190,186,195,221,218,224,2018,507,RL,63,61,61
154,152,158,171,164,177,221.25,195.5,258.25,2018,567,RE,30,30,30
135.7,133,137.8,157,149,177,223,186.4,232,2018,535,RP,19,19,19
160,153,161,184,174,195,223.5,217.5,234,2018,565,RE,34,33,33
151.6,151,153.2,173,162,188,225.4,199.6,229,2018,562,RE,21,20,20
140,91,143,167,160,181,225.75,214.15,252,2018,564,RP,49,42,42
147.55,139,169.85,189.5,178,199,227.05,204,266,2018,769,RP,20,20,20
162,160,166,189,177,195,227.4,212,233,2018,739,RE,31,28,28
159,150,162,196,187,205,230,223,235,2018,536,RL,31,31,31
149.4,145,154,186,177,194,230.6,218.6,250,2018,535,RL,42,41,41
136.55,127,153.3,210,198,219,234,229.55,257,2018,563,RP,40,35,35
166.4,165,175.8,195,181,200,234.6,218,236,2018,564,RE,29,26,26
151.55,144.7,156,185.5,181.5,190,235.15,231,237,2018,564,RL,96,70,70
146.75,141,152.5,172.5,165.5,180,236.25,214,316,2018,565,RP,36,36,36
111,103,117,193,185,196,237,231,238,2018,675,RP,97,76,76
147.15,142,149.3,183,174,192.5,238,225.7,249.2,2018,534,RP,65,56,56
136.8,126,146.8,183,165,190,240.2,223.6,259,2018,507,RP,49,48,48
150.6,138,161.4,195,184,203,240.2,234,261.8,2018,568,RL,73,66,66
161,151,162,192,184,197,241,225,244,2018,565,RL,74,62,62
158.75,153,160,184,180.5,187,243,224,268,2018,591,RE,34,29,29
136,122.7,143.7,195.5,187,203,243,236.95,252.5,2018,591,RP,121,94,94
144.3,128,150.55,190,166.5,207.5,243.45,235.15,252,2018,568,RP,32,32,32
134,134,167,205,167,206,245,225.1,245,2018,617,RE,11,11,11
92,91,117,192,153,197,246,199,291,2018,733,RP,21,20,20
179,171,180,207,197,232,246,238,248,2018,769,RL,21,21,21
155.7,153,159.3,184,175,193.5,246.7,215.55,271,2018,590,RE,19,18,18
149,142,151,189.5,182,202,248,237.75,263,2018,622,RE,68,57,57
154.8,134,160,203,191,212,248.4,238.2,258,2018,563,RL,67,58,58
158.9,153,161,189,180,196,248.5,239,282,2018,592,RE,47,41,41
151,149,159,188,182,189,249,221,259,2018,621,RE,26,24,24
133.6,89.7,135,197,173,208,249.2,233.5,259,2018,562,RP,56,50,50
128,126,133,185,178,194,250,239.4,255.8,2018,594,RP,131,97,97
151,147,155,184,179,188,251,239,254,2018,534,RL,81,69,69
128.1,125,136.1,188,161,201,251.4,239.7,258.9,2018,566,RP,83,70,70
103.1,76,111.7,207,185,216,252.8,244.1,272.9,2018,674,RP,63,63,63
129.2,127.1,134.2,197,188,202,254.6,246.9,266,2018,567,RP,159,116,116
118.8,87,136.2,208,199,214,255.4,245.8,271,2018,673,RP,93,81,81
167.55,159,169.45,186.5,175,194.5,256.45,199,265,2018,566,RE,20,19,19
137.25,124,143,191,183.5,198,257,248.25,260,2018,562,RL,62,58,58
133.55,118,139.55,210,202,215.5,257,249,262,2018,673,RL,93,81,81
131,126,134,183,174,189,257.2,241,264,2018,739,RP,73,66,66
155.55,148.1,159,210.5,203,215,257.45,253,265.45,2018,590,RL,95,92,92
151.85,143.55,153,193,188.5,200,258,248.45,260.6,2018,566,RL,130,94,94
133,128,133.55,193,188.5,195,258.45,255,263.45,2018,593,RP,242,150,150
152,149,153,195,187.5,204,259.1,251.15,268,2018,591,RL,127,92,92
132,121,140.75,195,184,203,259.25,249.25,271,2018,675,RL,116,93,93
136,128,138,190.5,183,200,259.3,243.3,271,2018,592,RP,128,93,93
153,150.9,157,201,194,205,260.3,257,267.3,2018,567,RL,178,120,120
151,146,152,197,190,205,261.65,258,271,2018,594,RL,176,115,115
146.85,146,147.85,189.5,174,217,263.45,239.4,266,2018,589,RE,18,18,18
131.9,119.4,154.4,213,206,217,263.9,254,271,2018,590,RP,97,93,93
149,141.5,151,198.5,192.5,203,264,259,266,2018,595,RL,203,132,132
129,125,129,200,196,202,264,258,269,2018,622,RP,232,152,152
123,118,123,205,195,209,264,259,265,2018,649,RP,234,152,152
160,149.55,161,202.5,195,209,264,256,267.45,2018,739,RL,140,98,98
148,136.25,151,200.5,193.5,209.5,264.25,248.75,280,2018,621,RP,80,76,76
128,122,131.6,155,149,171,265,234.2,278,2018,702,RE,28,28,28
115.1,107,135.4,193,178,206,265.3,245,296,2018,644,RL,83,83,83
146.35,128,154,216.5,202,228.5,265.65,258.3,269.65,2018,589,RL,68,62,62
149,127,155.25,214,201.5,225,265.75,258.5,276.75,2018,589,RP,66,58,58
137,102,139.5,217,201,225,266,258,275,2018,674,RL,73,73,73
141,131,141,200,195,201.5,266.45,263,273,2018,622,RL,217,141,141
147.3,142,153,193.5,178,212,267,242,291,2018,618,RE,42,40,40
148.1,141,151.2,216,207,223,268.6,262.5,272,2018,649,RE,52,51,51
125,121,128,194,187,201,269,258.4,272,2018,595,RP,189,137,137
142,126.2,146,211,205,217,269.6,263,279.2,2018,618,RP,136,132,132
154.15,148,159,195,188,201,269.85,260.7,280,2018,592,RL,151,107,107
147,144,147,202,198,205,270,266,271,2018,593,RL,273,156,156
152,149,159,209,199,215,270.4,260.2,281.2,2018,621,RL,105,99,99
102.1,89,118.3,188,170,198,270.8,257.4,296.7,2018,644,RP,67,67,67
127,125,129,209,195.5,232,271,263.95,288.2,2018,616,RL,54,53,53
157,131,161,221.5,214,228.5,271,246,290,2018,647,RE,31,30,30
146,136.8,148,213,205,219,271.6,264.6,278,2018,618,RL,123,118,118
128.55,104,152,208.5,194,240,271.75,262.45,289,2018,616,RP,38,38,38
103,93,105.25,191.5,181,199.5,271.75,264,278.5,2018,702,RL,193,166,166
137,129,144,209,198,213,272,263.4,279.4,2018,647,RL,128,119,119
98.25,72.75,104.5,195,187,201.5,272.25,261,278.25,2018,702,RP,198,164,164
117,98,132,206,188,219,272.4,254.2,294,2018,672,RL,53,51,51
122.75,104,127,198,177.5,215,272.5,251,281,2018,736,RP,76,64,64
140,132.8,145.4,211,204,217,273,265.2,274,2018,646,RP,186,134,134
145,137.65,152,209.5,199,215,273.45,264,278.7,2018,619,RL,154,116,116
136.25,128,143,209,203.5,213.5,273.5,262,276,2018,619,RP,156,113,113
132.75,127,145.5,201,190,209,273.5,253.5,280.75,2018,736,RL,106,80,80
126,123,127,210,202,212,273.6,271.6,277,2018,649,RL,238,155,155
156.4,145,159,193,188,210,274.6,259.9,293,2018,619,RE,44,40,40
120.45,117,131,210,202,213.5,275.1,268,283.3,2018,647,RP,128,119,119
93.5,76,110.1,200,183,209,275.1,259.3,311,2018,672,RP,55,54,54
124,120,132.25,200,191,206,275.5,263,280,2018,648,RL,167,135,135
130.8,126,137,202,195,206,276,269,279,2018,620,RP,203,146,146
117,112,117,194,182,200.5,276,259.15,281,2018,648,RP,162,127,127
132.2,116,142,204,187,217,276.6,255,284.2,2018,617,RL,77,74,74
103.4,79,116,190,183,199,278,266.6,282.6,2018,703,RP,192,158,158
140,135,142.7,209.5,200,219.5,278.65,274,282,2018,646,RL,203,143,143
140.6,135,146.6,221,206,227,278.9,271,284,2018,646,RE,40,38,38
150,137,151,190,183,206,279,266,287,2018,620,RE,78,73,73
146.4,145.4,147.4,206,200,210,279,273,281,2018,620,RL,207,148,148
125,124,129,178,158,217,279,251.8,304,2018,703,RE,29,28,28
127,109.3,146.6,204,189,215,280,255,299.1,2018,617,RP,58,57,57
109,104,117.7,193,185,208,281,276,289,2018,703,RL,162,140,140
136.2,103,153.4,221,204,232,281.8,268,304.2,2018,645,RL,69,68,68
146.65,120,151,208.5,181,220.5,289.35,276,304,2018,648,RE,42,40,40
93.6,84,141,172,152,199,289.8,236,292,2018,733,RL,25,24,24
106.8,103,112,207,199,210,293,289,296,2018,676,RP,252,188,188
118.5,62,130.75,214,189.5,234,294.5,281,308.75,2018,645,RP,66,66,66
124,120.25,124.25,210.5,207,215,296,291,303,2018,676,RL,260,196,196
135,135,165.4,200,149,268,297,273.6,297,2018,644,RE,10,10,10
137,130,143.3,226,217,232,307,293.2,312,2018,676,RE,91,90,90
152.4,134,157,172,160,183,201.2,186,250,2019,536,RP,17,17,17
165.4,164,168,187,181,190,208.8,202.8,212.8,2019,507,RE,38,38,38
179.3,179,185,193,188,199,209.95,204.75,212,2019,535,RE,14,14,14
165.15,157,167,184.5,179,188.5,215.05,201.85,245.7,2019,567,RE,39,34,34
130.85,124,134.85,167,153,173,216.2,209,231,2019,564,RP,38,34,34
143.4,128,151.2,174,168,178,220,198.6,250.8,2019,565,RP,49,46,46
161,153,164,182,171,187,220.8,205,224,2019,562,RE,21,21,21
155.15,150,157.15,185.5,167.5,196.5,220.95,206.1,257,2019,769,RP,24,24,24
167,164,169,186,181,189,223,206,228.2,2019,566,RE,32,31,31
153.7,152,159.95,188.5,184,194,223.5,212,232,2019,590,RE,23,22,22
159.3,155,161,189,183.5,194,224,208.35,248,2019,595,RE,44,42,42
167.1,166,173,193.5,186.5,200,224.9,218.95,229.75,2019,565,RE,37,34,34
159,154,160.35,191,187,194,227,221.65,229.95,2019,593,RE,89,78,78
159,157,166,191,182,205,227.75,225,231,2019,563,RE,35,33,33
186.35,177,194,215,198.5,218,231.45,221.65,234,2019,769,RL,18,14,14
160.2,148,168.8,188,178,194,234.4,215.6,242,2019,536,RL,29,29,29
140.7,134,151.5,188,176,197,234.9,225.1,260,2019,507,RP,55,55,55
165.45,158.35,168,197,188,201,237.1,232,242.85,2019,564,RL,90,69,69
162,150,165,193,186,204,238,222,242,2019,592,RE,52,46,46
129.5,126,137,164,152,176,240,192,266,2019,535,RP,31,31,31
106,101,107,172,142,187,241,204,307,2019,733,RL,21,21,21
145,133,150,205,179,213,243,227,286,2019,563,RP,41,40,40
164,151.5,165.5,195,189,198,244,234,258.5,2019,507,RL,83,83,83
167,163,169,199,194,205,244,240,248.6,2019,565,RL,93,83,83
105.55,104,108.65,177.5,150,202,244.45,237.9,285,2019,733,RP,32,31,31
169.4,166,172.2,194,185,198,245,208.4,259,2019,739,RE,29,28,28
153.5,130,160.6,206,194,216,245.7,239.8,332.6,2019,534,RP,67,67,67
180.15,172,185.45,201.5,192,213,247.5,239.55,264,2019,564,RE,30,28,28
121,121,188.6,203,176,213.5,250,214.6,250,2019,645,RE,10,10,10
137.25,125,144,205,188,209,250.5,244,263,2019,592,RP,108,89,89
179.4,165,184.8,201,190,208,251.1,232.5,252,2019,736,RE,19,16,16
162,160,163,179.5,173.5,187,253,215.25,270.65,2019,534,RE,26,26,26
157,150,158.15,184,176,191,253.5,229.25,272.65,2019,594,RE,49,45,45
160.35,154,165.6,186,175.5,197,253.8,221.5,270,2019,591,RE,20,20,20
152.6,142,155,200,190,205,256,243,275,2019,620,RE,85,82,82
156.2,148.6,164,196,186,205,256.8,239.2,287,2019,563,RL,73,70,70
137,127,146.6,208,200,215,257,246,275.6,2019,736,RP,93,72,72
152.75,141,157.5,208,195,216.5,257.75,234,274,2019,562,RP,56,56,56
118.25,116,125,213,155,219,258.75,226.25,261,2019,673,RE,14,14,14
139.45,133.9,142,203,189,209,259.55,249.95,270,2019,566,RP,116,101,101
163,158,163,204.5,199,211,260,254,262.7,2019,566,RL,151,109,109
143,139,144.3,204,199,206,260,255,262.4,2019,593,RP,251,153,153
136.15,126.75,139.15,202,193.5,210,260,252,265,2019,594,RP,151,125,125
158.75,135,165,221,215,226,260.6,251,271.6,2019,591,RP,83,77,77
128,116,133,208,199,217,261,257,271,2019,673,RL,93,93,93
138.4,132,146,206,198,212,261.2,254.6,268,2019,567,RP,144,118,118
110.8,106,120.45,197,188,204,261.2,247.55,273.1,2019,675,RP,159,125,125
150,142,152,216,205,221,261.8,258,270,2019,622,RE,90,88,88
126.65,126,139,205,162,217.5,262,222,264,2019,675,RE,13,13,13
155,149,156,203,196,208,263.2,258,270,2019,594,RL,177,123,123
150.85,145,158.1,202.5,190,212.5,265.45,244.2,278,2019,568,RP,58,57,57
146,123,151.4,215,209,220,265.6,261.3,277,2019,590,RP,119,116,116
126,113,133.5,199.5,189.5,207.5,265.75,257,272,2019,675,RL,136,118,118
172,161,174,210,201,219,266,259,272,2019,568,RL,86,84,84
158,156,159,208,205,210,266,264,268,2019,593,RL,258,144,144
152.7,142,156,204,193,213,267,245.3,274,2019,562,RL,83,83,83
156.9,146,174.6,202,192,212,267.2,247.4,293,2019,535,RL,59,59,59
177.5,173,180,221.5,194,232,267.25,253.25,283,2019,621,RE,22,22,22
153.25,147,160.25,213,205.5,218,268,262,275.25,2019,590,RL,119,117,117
128,119,138,207,200,210,268,262,270.4,2019,595,RP,191,153,153
144.15,122,149,212,203,220,269,259.7,283,2019,621,RP,112,111,111
169,165,171,209,201,213,269,263,279.15,2019,739,RL,137,98,98
127,115,134.2,205,196.5,209,269.45,264,273,2019,620,RP,228,166,166
136.75,116,146.5,191,184,203,269.75,263,279.5,2019,739,RP,77,71,71
147,128,151,213,203,221,271,262,278,2019,736,RL,118,88,88
102,98,110.9,206,197.5,213,271.85,266,280.4530125,2019,645,RP,142,141,141
194.9,176,197,262,238,266,272,269,272,2019,616,RE,10,10,10
111.35,104,121,204.5,195.5,212,272,260,276.6,2019,673,RP,110,110,110
129.7,120.55,136,205,195,211.5,272.75,263.15,281,2019,674,RL,132,132,132
102.65,96,112.65,191.5,179.5,199,272.75,258,280.05,2019,674,RP,131,131,131
161.85,159,166,210.5,204,216,273,265,279.05,2019,567,RL,173,117,117
153,147.65,155,211.5,206,216.5,273.35,270,279.7,2019,595,RL,231,148,148
144,141,144,215,211,218,273.4,270,278,2019,622,RL,176,155,155
157,147.2,162,209,202,216,273.8,260,281,2019,592,RL,133,109,109
145.6,38,160.1,225,212,232,274.3,253.2,325.9,2019,589,RP,67,63,63
146.1,127.7,151,214,208,219,275,272,281,2019,619,RP,190,141,141
157.3,149.25,161,207,198,214.5,275.1,267,281.35,2019,534,RL,99,99,99
126,117,128,207,199,212,276,268,280,2019,648,RL,174,161,161
117,110,124,203,196,207,276,266.8,280,2019,648,RP,172,160,160
107.4,97,116.6,223,206,231,277.2,270.4,291,2019,616,RP,93,93,93
147.8,144,151.8,209,203,213,278,270.2,280,2019,620,RL,226,157,157
139,134,142,217,213,220.5,278,272,285,2019,649,RE,85,85,85
117,111,117,205,199,206,278,274,280,2019,649,RP,229,195,195
106.8,100,110.8,198,193,202,278.2,274,282,2019,703,RP,228,195,195
158.35,153.05,163.35,210,198.5,216,279,257.5,290.6,2019,591,RL,95,92,92
143,137,144.1,208,195,221,279,257.9,291.1,2019,646,RE,49,46,46
112,108,116,202,194,209,279,275,283.1,2019,703,RL,185,169,169
97.55,91,101.55,194.5,187,200,279.45,270.45,288,2019,702,RP,250,201,201
169.2,147.1,175.7,218,208,224,279.8,264.6,290,2019,589,RL,103,84,84
122,118,127,210.5,206,214.5,280,275,281,2019,649,RL,211,185,185
149.9,124,156.9,235,221,241,280.7,270.4,286.7,2019,616,RL,96,96,96
142.9,136,146.65,213,184.5,217.5,280.7,262.15,284,2019,648,RE,61,61,61
156,152,160,212,189,215,281,275,290.6,2019,618,RE,49,49,49
154,151.7,156,215,209,221,281,275.3,287,2019,619,RL,170,133,133
131,126,131,211,206,214.5,281,274.65,286,2019,622,RP,205,179,179
111,101,121,216,208,226,281,273,286,2019,645,RL,122,121,121
104.05,99.15,118.75,189.5,177,206,281.1,255.95,300,2019,644,RP,104,104,104
153.45,151,155,218,213.5,220,281.55,280,283,2019,618,RP,165,162,162
135.7,118,148.4,210,199,220,281.8,271,290,2019,617,RP,100,100,100
136.45,116,141.45,212.5,208,217,282,279,286,2019,646,RP,205,165,165
128,121,136,199,165,206,282,230,296,2019,674,RE,26,26,26
168,155,169.2,207,193,228,282.2,269,287.8,2019,619,RE,51,47,47
111.45,95,126.15,199.5,184,222,282.4,272,307,2019,672,RL,84,81,81
137,117,142,209,192,215.5,282.75,274.15,293,2019,644,RL,110,110,110
113.2,106,117,201,191,205,282.8,276.6,290,2019,702,RL,223,185,185
154.8,146.8,158,214,205,222,283,266,288,2019,621,RL,114,114,114
112,100.6,118,221,211,226,284,277.4,300,2019,703,RE,69,69,69
138,125,141,218,212,223,285,279.35,288,2019,646,RL,202,159,159
102,88,110,187,171,204,285,274,314,2019,672,RP,81,79,79
153,147,154,226,220,232,286,280.9,287,2019,618,RL,153,152,152
145.55,119,152.2,221,206,229,286.9,281,291,2019,617,RL,103,103,103
161.5,156,171,222,193,244,289,278.75,290,2019,617,RE,16,16,16
131.2,117.4,139,218,211,223,292,287,293.9,2019,647,RP,170,169,169
109.45,107,111.45,204,200,207,292,287,296,2019,676,RP,277,221,221
148,143,150.2,231,226,235,295,291,296,2019,647,RL,165,164,164
149.2,143,161.5,223,214,228,295.7,291.4,297,2019,647,RE,56,55,55
130,126,136,217,212,221,298,290,301,2019,676,RE,118,118,118
123,118,124,210,206,212,298,296,299,2019,676,RL,259,213,213
117,113,121.7,208,175.5,216,299,279,302.5,2019,702,RE,54,54,54
147.5,140,155,206,167,211,301,255,309,2019,644,RE,18,18,18
173.25,169,175.25,188,182.5,191,202,197,205.5,2020,507,RE,28,28,28
145.9,141,152,191,185,194,231.1,228,236,2020,507,RL,90,90,90
132.2,121,139,183,173,191,236.6,226,246.4,2020,507,RP,77,77,77
167.4,160,169.6,179,173,182,198,189.4,202.4,2020,534,RE,25,25,25
150,146,151.45,201,192,206,266.55,257.55,274.55,2020,534,RL,129,128,128
131.95,124,143.25,200,190,207.5,260,249,266,2020,534,RP,121,120,120
170.15,165,176.15,192.5,183.5,201,226.25,208.55,228,2020,535,RE,24,24,24
159.2,146,165,190,185,195,244,235,255.8,2020,535,RL,75,71,71
129.7,57,135.7,170,155,178,230.3,216,239,2020,535,RP,39,39,39
163.5,157,169,192.5,182.5,201,238.5,227.25,251,2020,536,RL,36,36,36
164.6,146,167.9,184,177,194,207.2,204,211,2020,562,RE,39,37,37
146.2,139,152.2,195,187,199,250.9,247,261.6,2020,562,RL,122,116,116
136.6,123.6,147,201,194,208,257.4,241.2,263,2020,562,RP,97,91,91
159,136,166,199,188,203,237,229,250,2020,563,RL,52,52,52
137.35,1,146.9,211.5,189,218.5,265.75,236,289,2020,563,RP,42,42,42
171.3,167,174.6,189,180,201,219.3,209.7,223,2020,564,RE,27,26,26
160,157,162.8,194,185,199,238,232,246.2,2020,564,RL,91,82,82
137,124,144,168,160,171,227,202,249,2020,564,RP,53,47,47
173,168,174,186,182,190,214,206,218.65,2020,565,RE,31,31,31
159,155,161.8,199,193,203,249,243,250,2020,565,RL,99,96,96
138,122,141,178,168,184,238.4,221,249,2020,565,RP,74,74,74
170.6,168,175,184,179,187,204,196.6,207,2020,566,RE,29,26,26
151,146,151,189,185,192,255.9,247.9,263.9,2020,566,RL,152,123,123
132.95,124,138,178.5,170,185.5,249,237.05,255.35,2020,566,RP,123,110,110
173,172,173,187,183,193,226,214,228,2020,567,RE,38,35,35
157,154,158,201,196.5,204,269,265,270,2020,567,RL,173,136,136
133,123,138,186,179,192.5,268,262,271,2020,567,RP,157,139,139
160.3,154,164,203,195,207,250,243.1,262.4,2020,568,RL,101,98,98
138,105.7,145,190,175.5,198,250.95,247.95,257,2020,568,RP,81,80,80
145.9,119,152.8,212,197,220,281.1,270.4,287,2020,589,RL,99,98,98
130,99,147,209,198,217,276.6,257.8,299,2020,589,RP,93,92,92
166.1,164,171.55,184.5,181,189,204.45,201.45,207,2020,590,RE,33,33,33
150,145,150,196,190,198,257,247.8,258.2,2020,590,RL,133,130,130
142.4,129,147,202,195,206,261,256.6,264,2020,590,RP,139,133,133
168,166,177,188.5,182.5,196,208.5,200.75,215,2020,591,RE,26,24,24
156.9,152.45,159.45,199.5,194,205,256,248,259.1,2020,591,RL,105,101,101
143.5,136,153,209,201,214,266,257.5,279.5,2020,591,RP,120,115,115
172,158,172.65,188,183.5,193,207,203,213,2020,592,RE,43,35,35
153,147.95,156,196.5,191.5,202,262.05,255.1,267,2020,592,RL,165,127,127
143,137,146,194,184,202,251,243,261,2020,592,RP,148,115,115
170,167,171,190,186,192,217,209.3,225.3,2020,593,RE,69,55,55
152,149,152,195,192,197,266,263,269,2020,593,RL,227,158,158
137.5,130.5,140,190,185,194,259.5,256,263,2020,593,RP,222,166,166
171,168,172,189,184,193,210,205.45,214,2020,594,RE,41,40,40
150,145,153,198,193,201,266,260,272,2020,594,RL,169,139,139
53.15,27.05,68.05,187,178,195,257.95,250.95,263,2020,594,RP,169,155,155
165,161,165,187,183,192,209.05,206.4467639,215.05,2020,595,RE,51,44,44
142,138.85,144.85,195,191,198,265,262,267,2020,595,RL,217,161,161
116,103,120.8,189,183,193,268,261.0130591,271.2,2020,595,RP,222,178,178
117.4,101,143.9,208,198,215,270.4,264,280.3,2020,616,RL,117,117,117
105.4,88,117.8,198,185,211,265.2,252.4,280,2020,616,RP,99,99,99
131,117,141,208,197,216,285,275,288,2020,617,RL,132,130,130
109,94,113.4,198,188,205,269,261.3,278.3,2020,617,RP,143,142,142
162.6,152,167,179,174,181,209.8,195,217,2020,618,RE,30,30,30
128,122,134.1,207,201,211,281,271,283.9,2020,618,RL,185,175,175
122,112,133,205,199,208,270,265,275,2020,618,RP,181,169,169
164,147,165,180.5,176.5,187,205,197,208.1,2020,619,RE,36,34,34
151,145,151,209,203,213,271,268,276.3,2020,619,RL,162,143,143
123.85,116.85,133.85,200,189,206,268,261.3,272,2020,619,RP,168,150,150
170,163,171,190,185,194,213.1,208.6,219.1,2020,620,RE,47,45,45
146,143,146,204,199,206,271,266,278,2020,620,RL,204,166,166
124,119.45,131.5,200,194,204,264,260,269,2020,620,RP,201,163,163
170.95,166,174.85,190.5,184,196,218.05,211,225,2020,621,RE,40,40,40
148,141.2,149.2,205,199,209,267.9,262.9,275.6,2020,621,RL,143,142,142
144,128,153,213,205,218,281,262,284,2020,621,RP,126,126,126
171.35,169,173.35,186.5,179.5,194,215.5,197.3,220,2020,622,RE,28,25,25
138,135,139.6,203,197,206,272,269,274,2020,622,RL,188,164,164
123,110,124,197,191,201,275,270.75,277,2020,622,RP,215,191,191
131.6,118,147,205,197,213,281,270.8,296,2020,644,RL,123,123,123
96.5,89.5,100,189,174,198,270.5,258,283,2020,644,RP,131,131,131
123,110,136.4,211,202,220,280,275.1,283.2,2020,645,RL,140,140,140
108.45,101,113.35,203.5,197,209.5,264.55,257,274.85,2020,645,RP,148,148,148
133,123,136,215,208.5,220,282,274.45,284,2020,646,RL,179,174,174
102,94,111,208,200.5,214.5,280.65,274.25,285.65,2020,646,RP,180,176,176
137.65,123,147,212,206,216.5,279,270.05,281.35,2020,647,RL,166,164,164
111,97,123,211,204,217,275.2,269.2,281.2,2020,647,RP,156,155,155
170.1,159,171.7,182,177,185,231.5,195.8,249,2020,648,RE,23,23,23
120,110,123,202.5,197,208,272,266.5,276,2020,648,RL,190,179,179
98.8,96,104.8,202,195,207,274.3,270.1,281,2020,648,RP,198,188,188
116,110,119,203,198,206,283,278,284.1,2020,649,RL,234,209,209
97,90,99,194,188,197,274,270,277,2020,649,RP,250,218,218
101,93,108,207,198.5,216,285,277,290.65,2020,672,RL,148,141,141
96,89,102.4,210,202,219,278.9,269.6,289.8,2020,672,RP,122,116,116
121.5,115,135,219,210,228,277.75,271,281,2020,673,RL,133,133,133
99.05,90.15,105,216.5,208,226.5,288.95,278.9,294.95,2020,673,RP,139,139,139
103.85,97,109.55,213,199,222,274.15,269,295,2020,674,RL,144,144,144
94.15,87.15,98,195.5,180.5,205,261.85,257.85,279.25,2020,674,RP,152,152,152
117.5,108,124,201.5,195.5,209,278,270.75,286,2020,675,RL,186,161,161
96.95,92,103,193.5,183,200,287,270.5,292,2020,675,RP,201,174,174
103,99,105,201,196,205,294.35,292,297,2020,676,RL,297,233,233
88,86,89,194,189,197,283,279,287,2020,676,RP,303,236,236
108,99,115,212,205,218,287,281,290.85,2020,702,RL,201,199,199
93,86.8,96,206,198,211,296.2,291,301,2020,702,RP,238,229,229
98.8,93,102,211,200,216,294.2,288,298,2020,703,RL,228,205,205
87,79.42887194,87.15,198,188.5,206,293,286.55,297.85,2020,703,RP,250,218,218
105.5,89,114.25,223,179.5,244,295,280.75,328.25,2020,733,RL,66,65,65
89.9,73,103.1,200,168,231,272.5,263.1,287,2020,733,RP,59,58,58
170.65,164,174.45,190,180.5,198,207.2,200.3,211,2020,736,RE,20,17,17
131.8,127.8,136,189,180,195,260,250.4,268,2020,736,RL,131,115,115
119.7,112.2,123,188,178,200,264.9,249.3,280.3,2020,736,RP,115,104,104
182.1,180,184.55,202,194,214,233.5,226.25,245,2020,739,RE,32,31,31
160,156,161,198,190,201,259,251,264,2020,739,RL,139,110,110
128.4,116,134.8,174,168,181,251,240.6,259.1,2020,739,RP,107,99,99
137.8,137,145.7,182,163,202,250.4,226.8,257,2020,769,RP,23,22,22
