q5,q5_low,q5_high,q50,q50_low,q50_high,q95,q95_low,q95_high,year,HEXcell,code,cumObsDays,uniqObsDays,totalAbundance,gcode
68,55,68,99,94,99,154,107.25,151,2009,673,RL,19,18,18,RL.673.2009
68,65,65,93,87,96,154,129,154,2009,673,RP,47,47,47,RP.673.2009
106.95,99,112.95,134,130,136,156,152,154.1,2009,646,RL,56,52,52,RL.646.2009
90,85,90,121,116,121,156,153,156,2009,646,RP,65,63,63,RP.646.2009
127,102.5,127,167,166,167,175,173.75,173.75,2008,590,RP,13,13,13,RP.590.2008
162,128,162,167,163,167,177.6,170,200,2008,590,RL,10,10,10,RL.590.2008
164,164,164,177,177,177,184.9,184,209,2014,563,RL,15,13,13,RL.563.2014
159,143,159,179,178,178,187,182.2,186,2002,622,RE,18,17,17,RE.622.2002
137.25,71,151,170,151,170,188.3,177.95,191,2011,617,RL,12,12,12,RL.617.2011
157.6,134,159,170,159,170,189,185.4,189,2019,536,RP,17,17,17,RP.536.2019
155,153,155.9,175,169,176,192.3,187,271,2017,534,RE,28,25,25,RE.534.2017
159.95,150,162.95,183,178,183,193,188,192,2015,595,RE,31,28,28,RE.595.2015
179,161,161,193,179,193,193.3,193,200,2003,622,RE,10,10,10,RE.622.2003
155.2,154,162.6,180,173,186,197,192.4,220,2020,568,RE,20,20,20,RE.568.2020
162,162,162,179,169,179,198,184,184,2005,648,RE,10,10,10,RE.648.2005
154.75,154,169.15,184,177,188,198,191,255,2008,618,RE,14,13,13,RE.618.2008
151,151,174.6,184.5,171,193.5,198.4,195,212,2018,535,RE,12,12,12,RE.535.2018
115,57,115,141,140,141,199,174.5,199,2009,622,RL,26,23,23,RL.622.2009
155.8,153,157.2,180,166,186,199,192.9,229,2014,567,RE,22,22,22,RE.567.2014
157.4,150,166,191,187,192,199,196.6,196.6,2014,594,RE,23,21,21,RE.594.2014
154,151,160,175,171,177.5,199,193.95,225.7,2018,595,RE,35,30,30,RE.595.2018
156,150.7,157,173,168,178,200.65,194,204.6,2020,566,RE,45,42,42,RE.566.2020
144.9,131.45,153,176,171.5,178,201,196,236,2019,565,RP,49,46,46,RP.565.2019
153,151,151.7,177,173.5,178.5,201.65,200,206,2020,594,RE,59,58,58,RE.594.2020
153,152,154,176,170.5,179,201.75,189,228,2016,567,RE,25,24,24,RE.567.2016
150,141,147.75,185,184,185,202,190,190,2005,592,RL,13,13,13,RL.592.2005
124,124,154,178,154,185,202,190,215,2015,535,RL,14,14,14,RL.535.2015
156,155,158,183,176.5,186,202,190.4,196.8,2018,507,RE,25,24,24,RE.507.2018
153.95,151,155.65,178,173,181.5,202,195.7,204,2020,507,RE,41,41,41,RE.507.2020
152.25,150,158,178,175.5,179,202.75,195.5,214.5,2016,595,RE,30,27,27,RE.595.2016
179,175,179,193,181,194,203,197,203,2014,769,RL,13,12,12,RL.769.2014
149,149,151,161,151,163,203.6,173.4,227,2005,567,RP,10,10,10,RP.567.2005
159,159,169,185,169,200,204,200,204,2010,568,RL,15,14,14,RL.568.2010
159,139,159,163,159,163,204,194,201.6,2012,507,RL,10,9,9,RL.507.2012
153.95,153,161.6,190.5,174,198,204,198,198,2016,568,RE,12,12,12,RE.568.2016
150.85,148,151.8,160,154,161,204.05,180,205,2017,507,RP,11,11,11,RP.507.2017
158.9,151,162,182,176.5,184,204.35,202,207,2020,590,RE,37,37,37,RE.590.2020
158.7,153,160,179,175,183,205.2,196.4,228,2018,594,RE,42,33,33,RE.594.2018
165.9,157,166.9,184,179,186,205.3,201.1,244.2,2019,567,RE,39,34,34,RE.567.2019
155.8,149,157,186,168,191.5,206,194,211.4,2015,594,RE,21,18,18,RE.594.2015
136.2,133,145,155,149,157,206.7,181,231,2018,535,RP,19,19,19,RP.535.2018
123,110,125,148,143.5,152,207,202.55,218,2012,594,RP,74,61,61,RP.594.2012
153,152,154,178,174,179,207,205,208,2020,593,RE,89,74,74,RE.593.2020
156.95,143,174,190,179,190,207.1,198,208,2015,562,RE,15,14,14,RE.562.2015
168,168,184,190,174,192,208,203,233,2019,568,RE,15,15,15,RE.568.2019
165.4,164,168,187,181,190,208.8,202.8,212.8,2019,507,RE,38,38,38,RE.507.2019
141,141,141,184,163,184,209,190,190,2005,592,RP,13,13,13,RP.592.2005
179.3,179,185,193,188,199,209.95,204.8,212,2019,535,RE,14,14,14,RE.535.2019
158.35,155,166.1,180,174,186,210.3,192.95,224,2006,594,RL,21,21,21,RL.594.2006
164,161,164,184,182,184,210.95,197,238,2017,595,RE,40,29,29,RE.595.2017
127,127,140,162,140,176,211,176,211,2005,594,RP,12,11,11,RP.594.2005
168,168,182,198,190,198,211,204,211,2006,648,RE,15,15,15,RE.648.2006
150,127,150,163.5,162,164,211.05,187,249,2008,594,RL,27,26,26,RL.594.2008
156,151,156.65,177,172,178.5,211.4,201.05,222.7,2020,567,RE,56,53,53,RE.567.2020
157,155,158,183,173,189,211.8,206.2,222.4,2020,564,RE,35,34,34,RE.564.2020
121.6,117,126,162,150,162.5,212,169,235.9,2008,594,RP,19,19,19,RP.594.2008
137,124,137,166,161,169.5,212.25,204.5,237,2020,564,RP,55,49,49,RP.564.2020
160,160,167.8,189.5,169,196,212.6,198.4,216,2013,568,RE,12,12,12,RE.568.2013
152,140,159,183,176,185,212.75,211,231,2005,594,RL,30,29,29,RL.594.2005
152.7,149,154.35,183,178.5,191,212.75,202.65,252,2013,593,RE,36,30,30,RE.593.2013
136,136,136.1,182,173,183,213,196,209.6,2015,621,RL,43,39,39,RL.621.2015
136,118,136,183,168,183,213,192,204.5,2015,621,RP,26,23,23,RP.621.2015
173,173,174,181,180,181,213.1,187.1,215,2013,563,RL,14,12,12,RL.563.2013
178.4,170,191,200,198,198,213.2,202,224,2014,507,RE,11,9,9,RE.507.2014
151.75,151,154.25,180.5,176,186,213.5,196,249,2016,594,RE,23,20,20,RE.594.2016
158.6,152,160,169,160,169,214,193,247,2014,565,RP,12,12,12,RP.565.2014
143,132,143,163,159,163,214.1,212,225.5,2018,564,RP,49,42,42,RP.564.2018
140.65,137,144,172,167,174,214.35,207,238,2020,565,RP,75,75,75,RP.565.2020
146,146,161.85,178.5,169,182,214.5,200,236,2009,593,RL,27,24,24,RL.593.2009
150,148,151,177,172.5,179,215,207,223.6,2018,593,RE,97,77,77,RE.593.2018
150,150,156,166,156,181,215,188,215,2018,736,RE,12,12,12,RE.736.2018
158,157,165.5,199.5,192,205,215.25,209.5,245,2015,592,RE,20,17,17,RE.592.2015
153,131.3,153,174,168.5,179,215.9,203.55,227.55,2016,568,RP,24,23,23,RP.568.2016
136.05,93,150.55,166,161,169,215.95,187.9,279,2013,568,RP,23,21,21,RP.568.2013
129,123,136,188,157,204,216,211,217,2007,566,RP,23,23,23,RP.566.2007
153,153,160.8,187,172,189,216,209,216,2018,563,RE,25,23,23,RE.563.2018
145,143,153,165,163,163,216,212,230,2018,564,RL,96,70,70,RL.564.2018
158,156,158,202,198,204,216,210.6,216.3,2020,563,RE,30,30,30,RE.563.2020
172,172,179.7,184.5,180,200.5,216.15,205,234,2016,769,RL,12,12,12,RL.769.2016
173.3,167,177.8,196,184,200,216.2,213.3,232,2017,564,RE,21,20,20,RE.564.2017
125.9,124,126.95,162.5,144,176,217,181.1,217,2007,567,RP,20,18,18,RP.567.2007
157,157,176,177,157,161,217,192,217,2008,568,RL,10,9,9,RL.568.2008
130.75,124,134,168.5,157,173,217,203.75,231,2019,564,RP,38,34,34,RP.564.2019
159.2,159,161.4,173,160,173,217.6,199,220,2007,620,RE,11,11,11,RE.620.2007
143,143,165.1,178,167,209,218,209,218,2015,618,RE,10,9,9,RE.618.2015
150.35,149,152,173.5,162,182,218.05,195.2,232,2016,566,RE,23,21,21,RE.566.2016
114,114,114.95,133,117,133,219,151,221,2009,622,RP,22,19,19,RP.622.2009
170,156,169.4,199,184,200,219,200,219,2014,507,RL,25,22,22,RL.507.2014
182,170,182,196,184,198,219,199,224,2017,536,RL,10,10,10,RL.536.2017
155,154.35,154.35,186,182,188,219,217,219.65,2018,507,RL,63,61,61,RL.507.2018
149.8,141,153,170,165,173,219.2,197.4,283,2018,565,RP,36,36,36,RP.565.2018
160,136,160,178,170,190.5,219.75,216.5,238,2013,568,RL,33,31,31,RL.568.2013
178,145,179,200,186,206,220,200,220,2009,621,RL,14,14,14,RL.621.2009
163.8,160,164.75,188,177,193,220.35,205.05,228,2020,535,RE,28,28,28,RE.535.2020
149,123.05,151.05,179,171.5,183,220.5,205.95,283.25,2020,562,RE,52,50,50,RE.562.2020
155.15,150,157.15,185.5,167.5,196.5,220.95,206.1,257,2019,769,RP,24,24,24,RP.769.2019
170.2,147,175,189,175,175,221,200,243,2006,620,RP,13,13,13,RP.620.2006
161,150,162,171,169,171,221,217,223,2015,620,RE,45,36,36,RE.620.2015
154,152,158,171,164,177,221.25,195.5,258.25,2018,567,RE,30,30,30,RE.567.2018
161.75,160,165,182,175.5,185.5,221.25,210,230.75,2020,739,RE,45,44,44,RE.739.2020
163.2,150,166,184.5,178.5,188,221.55,204,246,2009,739,RL,24,24,24,RL.739.2009
167,164,167,186,181,188,221.8,205.4,233.5,2019,566,RE,32,31,31,RE.566.2019
155,155,168.2,183,177,183,222,190.1,229.4,2000,648,RE,17,17,17,RE.648.2000
164,164,168.7,177,169,186,222,210,222,2016,618,RE,11,11,11,RE.618.2016
145.55,144,152.3,175.5,165,180,222.1,196,279,2010,739,RL,29,23,23,RL.739.2010
159,156,159,188,183.5,189,222.25,219,227,2019,593,RE,89,78,78,RE.593.2019
155,155,158.9,169,159,185,222.7,191.6,236,2014,562,RE,13,13,13,RE.562.2014
119,111,115,179,163,179,223,215,250,2003,595,RP,36,36,36,RP.595.2003
90,84,90,182,175,182,223,217,221.5,2007,617,RP,18,17,17,RP.617.2007
140.1,131,157,169,166,176,223,185.75,223,2013,739,RP,12,12,12,RP.739.2013
132,127,139.5,170.5,158,202,223,218,249,2016,564,RP,30,27,27,RP.564.2016
163.25,153,164.75,182,172,187,223,205,224,2019,562,RE,21,21,21,RE.562.2019
152,139,152.85,189.5,183.5,200,223.05,214,256.5,2017,507,RL,37,35,35,RL.507.2017
160,153,161,184,174,195,223.5,217.5,234,2018,565,RE,34,33,33,RE.565.2018
153.7,152,159.95,188.5,184,194,223.5,212,232,2019,590,RE,23,22,22,RE.590.2019
133.9,122,161.5,194,187,198.5,223.65,213,250,2010,622,RP,13,13,13,RP.622.2010
86.75,74,92,131.5,105,182,223.75,192.25,226,2012,675,RP,13,12,12,RP.675.2012
150,149,154,176.5,169,185,223.95,213.35,254,2015,567,RE,37,34,34,RE.567.2015
131,121,131,191,145,206,224,207,224,2011,566,RP,14,14,14,RP.566.2011
145,145,151,181.5,176,187,224,205,237,2018,535,RL,42,41,41,RL.535.2018
160,155,161,188,184,192.5,224,209,239,2019,595,RE,44,42,42,RE.595.2019
151,144.95,151,183,178,185,224.05,223.05,228.05,2020,507,RL,89,89,89,RL.507.2020
143.05,108,148.75,173.5,158,199,224.5,212,250,2015,589,RP,28,26,26,RP.589.2015
167.1,166,173,193.5,186.5,200,224.9,218.95,229.8,2019,565,RE,37,34,34,RE.565.2019
152,152,158,179,176,179,225,218,225,2003,591,RL,21,19,19,RL.591.2003
152,152,158,183,178,183,225,217.1,225,2003,591,RP,17,16,16,RP.591.2003
153,150,156,181,175.5,184,225,204,229,2017,593,RE,70,61,61,RE.593.2017
134,126,134,169,163,177,225.3,217.3,252,2018,507,RP,49,48,48,RP.507.2018
169,166,170,190,184,196,225.9,202,259,2019,739,RE,29,28,28,RE.739.2019
116,116,140,181,141,190,226,220,226,2009,595,RP,15,14,14,RP.595.2009
122.5,100,131.7,203,163,208,226.2,218,229,2010,648,RP,21,21,21,RP.648.2010
146.6,123,149.8,181,167,184,226.2,220.4,228,2017,563,RL,44,41,41,RL.563.2017
155,155,158.75,NA,NA,NA,226.25,211,241,2005,619,RP,18,18,18,RP.619.2005
165,145,165,200.5,197,205,226.3,205,230,2005,620,RP,11,11,11,RP.620.2005
168.35,168,175.5,198,188,208,226.85,211.9,235,2016,564,RE,17,16,16,RE.564.2016
158,158,166,179,168,195,226.85,198.9,260,2017,589,RE,11,11,11,RE.589.2017
158,150,150.4,189,181,190,226.95,223.85,234.9,2018,536,RL,31,31,31,RL.536.2018
159.8,158,210,221,215,221,227,223,227,2002,590,RL,10,10,10,RL.590.2002
158,158,209,217,212.5,217,227,223,227,2002,590,RP,9,9,9,RP.590.2002
111.15,108,121.05,165,149,189,227,193,227,2004,591,RP,12,12,12,RP.591.2004
137.2,134,138.4,152,140,152,227,208,227,2004,595,RP,16,14,14,RP.595.2004
147.55,139,169.85,189.5,178,199,227.05,204.1,266,2018,769,RP,20,20,20,RP.769.2018
162,160,166,189,177,195,227.4,212,233,2018,739,RE,31,28,28,RE.739.2018
159,157,166,191,182,205,227.75,225,231,2019,563,RE,35,33,33,RE.563.2019
109.55,99,122,179,153,194,227.8,220.05,252,2008,647,RP,35,35,35,RP.647.2008
159.2,157,166,186,179,193,227.8,213.8,236,2020,536,RL,33,33,33,RL.536.2020
205,195,215,219,216,219,228,220.5,228,2013,617,RL,13,9,9,RL.617.2013
176,176,190,202,194,211,228,211,228,2015,739,RE,14,12,12,RE.739.2015
153,153,154,183,174,183,228,220.95,238.9,2016,568,RL,51,42,42,RL.568.2016
152.4,150.4,155,183,178,186,228,222,230,2020,595,RE,68,61,61,RE.595.2020
116,116,116,167.5,165,193,228.25,228,233,2014,617,RP,21,21,21,RP.617.2014
131.65,57,141.85,169,162,170,228.35,215.45,239,2020,535,RP,39,39,39,RP.535.2020
140.4,111,144,183,154,190,228.4,223.8,234,2014,621,RP,26,25,25,RP.621.2014
158.5,157,159,192,164,200.5,228.75,210.5,231,2006,593,RL,14,14,14,RL.593.2006
131,124,131,179,179,180,229,223,229,2002,622,RL,52,49,49,RL.622.2002
141.9,127,144.85,160,158,160,229,180.55,217.6,2009,620,RL,28,28,28,RL.620.2009
150,117,150,160,158.5,160.5,229,161,229,2009,620,RP,12,12,12,RP.620.2009
155,141,155,191,161,205,229,209.2,229,2011,567,RP,18,17,17,RP.567.2011
151.35,151,152.7,179.5,168.5,188,229,198,229,2018,562,RE,21,20,20,RE.562.2018
133.6,126,139,171,164,175,229.25,222.25,238.55,2020,507,RP,78,78,78,RP.507.2020
164,149,165,183,177,185,229.4,218,238,2020,565,RE,42,42,42,RE.565.2020
155.75,143,158,161,158,161,229.45,171.6,249,2018,536,RP,9,9,9,RP.536.2018
172,155,176,189,184,192,229.5,212.5,266,2016,592,RE,31,24,24,RE.592.2016
143,143,146,180,145,182,229.8,200.8,237,2012,594,RE,13,13,13,RE.594.2012
198,198,198,218,215,215,230,227,230,2002,591,RL,11,11,11,RL.591.2002
147,147,156,172.5,151.5,216,230,216,230,2010,592,RL,10,9,9,RL.592.2010
123,118.65,125,182,166,186.5,230,220,258,2015,566,RP,96,74,74,RP.566.2015
158.6,152,162.4,186,179,191,230,203.6,248,2016,535,RL,25,25,25,RL.535.2016
155,151,156,175,171,185,230,225.6,231.6,2016,564,RL,61,50,50,RL.564.2016
141,134,141,178.5,173,183,230.25,219.25,241,2019,507,RP,55,55,55,RP.507.2019
155,155,155,166,159,166,230.3,197,232,2014,562,RL,22,21,21,RL.562.2014
135,128,138,171,167,174,231,224.75,235.5,2012,594,RL,93,75,75,RL.594.2012
154,140,155,186,180,187,231,216,241,2015,593,RE,61,49,49,RE.593.2015
189.8,177,197,215,200,220,231,216,231,2019,769,RL,18,14,14,RL.769.2019
118.95,111,130.4,151.5,146,159,231.1,223,243,2010,593,RP,18,18,18,RP.593.2010
125,109,131,198,183,200,231.4,221,234,2012,592,RP,50,50,50,RP.592.2012
148.75,133,154,174,157.5,190,231.5,204,245,2012,590,RL,16,16,16,RL.590.2012
156,154,155,176,171,176,231.5,217.5,243,2016,622,RE,59,50,50,RE.622.2016
160.5,148,165,186,176,187,231.5,206.5,242,2019,536,RL,29,29,29,RL.536.2019
122.7,105,139.6,178,153,197,231.6,219.3,254,2010,620,RP,29,29,29,RP.620.2010
152.4,149,162.35,203,181,218,231.6,221.15,252,2015,566,RE,18,18,18,RE.566.2015
138.4,135,141.8,150,143,180,231.85,189,265,2003,673,RE,9,9,9,RE.673.2003
143,136,143,179,173,183,231.9,213.45,256,2015,648,RE,27,25,25,RE.648.2015
151.5,138,168,182,175,185,232,191,232,2000,567,RL,14,14,14,RL.567.2000
100.3,94,112.7,203,149,205,232,208.1,232,2010,675,RP,12,12,12,RP.675.2010
127,122,134,185,165,190,232,228,270,2013,566,RP,67,61,61,RP.566.2013
138.25,134,140,170,167,172,232,223,238.75,2020,566,RP,120,107,107,RP.566.2020
126,126,141.7,163,141,195,232.45,221.65,235,2010,702,RL,15,15,15,RL.702.2010
164.1,164,166,210,171,216,232.85,223,259,2013,739,RE,15,15,15,RE.739.2013
189,189,189,230,190,230,233,232,232,2002,567,RE,11,11,11,RE.567.2002
161,152,161,189,165,189,233,231,233,2002,567,RP,14,14,14,RP.567.2002
149.15,141,152.6,204,171,211,233,217,253,2011,622,RP,19,19,19,RP.622.2011
148.5,140,150,183,150,183,233,197.1,233,2012,565,RL,11,10,10,RL.565.2012
116,116,116,165,151,165,233,228,233,2014,617,RL,24,24,24,RL.617.2014
127.15,124,135,188,164,192,233.25,229,248.9,2018,562,RP,56,50,50,RP.562.2018
144.65,143,155.8,216,173,220,233.7,222,234,2015,564,RP,14,14,14,RP.564.2015
161,157,168,190,174,201,233.8,217.4,266,2014,590,RL,25,24,24,RL.590.2014
141.25,133,155,172.5,167,175,234,212.75,251,2009,566,RL,23,21,21,RL.566.2009
126.8,121,142.4,197,186,205,234,216,241,2010,595,RP,21,20,20,RP.595.2010
153,153,160,195,190,196,234,227,234,2018,563,RL,67,58,58,RL.563.2018
127,127,134,206,167,206,234,229.2116209,234,2018,563,RP,40,35,35,RP.563.2018
137.8,127,142.1,194,171,203,234.3,221.4,246.6,2012,739,RP,39,36,36,RP.739.2012
149.5,144,159,190,162,181,234.5,199,243,2015,565,RL,20,17,17,RL.565.2015
164.8,159,165.8,192,187,194,234.6,230,245,2019,507,RL,83,83,83,RL.507.2019
129.15,129,130,156.5,136,171,234.8,182.85,239,2015,647,RE,14,14,14,RE.647.2015
139.25,128,145,194.5,188,203.5,235,227.75,235.75,2013,592,RP,56,51,51,RP.592.2013
166,165,167,189,179,195,235,216,235.35,2018,564,RE,29,26,26,RE.564.2018
157,155,156,187,181,191,235,231,238,2020,564,RL,91,81,81,RL.564.2020
152,150,151.5,183,178.3833604,183,235,228.0275682,235,2020,566,RL,142,113,113,RL.566.2020
146,143,147.8,183,176,190,235,228,235.1,2020,618,RE,74,74,74,RE.618.2020
158,151,159,193,176,198,235,232.2,242,2020,736,RE,36,33,33,RE.736.2020
125.8,117,134.4,173,170,176,235,218.6,245,2020,739,RP,102,94,94,RP.739.2020
94,81,94,130,118,140,235.05,234,261,2009,676,RP,40,38,38,RP.676.2009
155.1,152,161,184.5,179,191,235.05,200.95,255,2014,595,RE,41,37,37,RE.595.2014
107.8,97,121.6,185,153,194,235.8,223.2,275,2012,648,RL,31,31,31,RL.648.2012
143.8,141,146.4,183,160,186,235.9,203,260,2012,593,RE,30,29,29,RE.593.2012
126,126,126,221,126,224.5,236,228,236,2003,620,RP,12,11,11,RP.620.2003
107,107,121,177,164.5,177,236,218,236,2005,622,RP,26,26,26,RP.622.2005
158,158,160,198,163,198,236,226,276,2007,595,RL,18,14,14,RL.595.2007
125,125,200.6,222,152,224,236,227.9,236,2012,649,RE,10,10,10,RE.649.2012
137.7,126,139.4,188,182,192,236,230.3,244,2013,593,RP,116,88,88,RP.593.2013
137,111,155,166,158,167,236,207.5,254,2014,562,RP,24,23,23,RP.562.2014
132.8,130,138,186,171,193,236,227.2,242,2014,566,RP,81,71,71,RP.566.2014
161,155,164.3,188.5,185,193,236,213,247.05,2014,593,RE,57,46,46,RE.593.2014
144.35,144,145,173,165,173,236,222,263,2014,648,RE,28,26,26,RE.648.2014
167,160,168,197,188,199,236,231,239,2019,564,RL,90,69,69,RL.564.2019
132.7,127,133,171,143,174,236.1,212.25,238,2017,647,RE,18,18,18,RE.647.2017
194.2,160,196,220.5,210,224,236.4,226.5,244,2014,589,RP,20,19,19,RP.589.2014
147,105,147,192,187,192,237,222,237,2001,649,RL,16,16,16,RL.649.2001
105,101,105,192,187,220,237,225.3,237,2001,649,RP,17,17,17,RP.649.2001
131.4,109,138.6,158,146,176,237,176.8,237,2009,593,RP,12,11,11,RP.593.2009
144.9,119,153.1,178,161,193,237,217,244,2009,594,RL,25,24,24,RL.594.2009
118.55,116,124,160,150,169.5,237,229,260.45,2017,566,RP,60,50,50,RP.566.2017
116.4,105,120.7,195,185,195,237,228.0345851,237,2018,675,RP,97,76,76,RP.675.2018
162,145,162,188,182,189,237.1,221.9,254.45,2011,739,RL,49,39,39,RL.739.2011
158.9,136,163.5,198,187,201,237.2,226.4,250.7,2020,563,RL,48,48,48,RL.563.2020
90,86,97.2,200.5,136,208,237.25,223,248,2012,648,RP,24,24,24,RP.648.2012
128,128,146,151,146,190,237.35,201,245,2008,595,RP,14,13,13,RP.595.2008
160,153,160,184,180,189,237.7,225,243,2018,565,RL,74,62,62,RL.565.2018
117.25,109,144,182,154.5,190,237.75,220.5,243,2007,594,RL,22,22,22,RL.594.2007
160,146,160,184,178,187,237.9,230,246.35,2020,535,RL,75,71,71,RL.535.2020
168,155,155,201,198,198,238,231,231,2006,648,RL,54,45,45,RL.648.2006
NA,NA,NA,201,198,201,238,231,238,2006,648,RP,52,44,44,RP.648.2006
160,160,177,196,160,196,238,201.1,238,2008,621,RL,9,9,9,RL.621.2008
126.05,124,132,182,171,186,238,234,245,2012,593,RP,146,111,111,RP.593.2012
140,93,140,201,169,203,238,218,255.6,2012,622,RP,23,20,20,RP.622.2012
159.6,158,162,179,170,184,238,194.8,240,2017,566,RE,20,18,18,RE.566.2017
103,98.55,102.55,152,147,166.5,238,222.9,238,2017,647,RP,106,93,93,RP.647.2017
127,120,136.75,169.5,164.5,175,238,222,259,2017,739,RP,52,48,48,RP.739.2017
162,150,165,193,186,204,238,222,242,2019,592,RE,52,46,46,RE.592.2019
149,146,149,171,165,174,238,207.3,257.1,2020,534,RE,44,44,44,RE.534.2020
136.8,135,138.8,167,145,167,238.1,199.2,248,2009,594,RP,12,12,12,RP.594.2009
117.2,103.2,124,188,165,196,238.2,231,260,2017,589,RP,62,52,52,RP.589.2017
126,126,171.75,198,183,221,238.25,229.75,251,2003,620,RL,18,15,15,RL.620.2003
153.3,146,159.5,195,173,209.5,238.3,213.9,251,2014,590,RP,22,21,21,RP.590.2014
141.5,138,143.6,219,164,224,238.3,235,239,2020,675,RE,17,17,17,RE.675.2020
147.55,145,148.55,176,170,176,238.45,226,251,2018,534,RP,65,56,56,RP.534.2018
150,113,160,187,166,198,238.8,216,244,2007,593,RL,29,28,28,RL.593.2007
156,151,157,185,179,187,239,226,239,2015,564,RL,68,59,59,RL.564.2015
132,126,140,164,155,171,239,186,266,2019,535,RP,31,31,31,RP.535.2019
142,135,144,181,177.5,182.5,239,235,247,2020,594,RP,149,135,135,RP.594.2020
161,159,163,177,172,182,239.2,200,261.7,2017,567,RE,32,31,31,RE.567.2017
172.6,165,173,199,179,199.5,239.3,208.9,283,2014,566,RE,18,15,15,RE.566.2014
125.3,107,142,200,190,211,239.35,231.9,260.5,2012,567,RP,39,36,36,RP.567.2012
150.8,149,154,183,168,193,239.4,230,242.6,2007,566,RL,39,38,38,RL.566.2007
166,161,163,188,179,192,239.6,229,244,2014,568,RL,29,22,22,RL.568.2014
125.8,112,142,184,172,207,239.8,225,247,2010,648,RL,28,28,28,RL.648.2010
137,127,137,181,168,186,239.8,231.7,249,2015,594,RP,89,68,68,RP.594.2015
166.2,160,168,173,168,173,239.9,173.9,256,2008,622,RE,9,9,9,RE.622.2008
68,68,82,90,68,127,240,191.75,240,2009,672,RL,10,10,10,RL.672.2009
130,114,130,195,152,223.5,240,235.8,240,2011,702,RP,17,16,16,RP.702.2011
163,153,165,196,185.5,204,240,234,255.2,2012,739,RE,28,26,26,RE.739.2012
159,153,159,186.5,184.5,189,240,235,243.95,2020,565,RL,101,98,98,RL.565.2020
130.7,127,142.5,162,150,167,240.5,218,266,2008,567,RP,25,24,24,RP.567.2008
142,134,155.5,209,164,226,240.5,231,241,2013,591,RP,19,18,18,RP.591.2013
106.25,101,111,168,142,192.5,240.75,202.75,307,2019,733,RL,21,21,21,RL.733.2019
108,89,89,141,134,141,240.8,234,261,2009,676,RL,41,40,40,RL.676.2009
159,143,143,199,172,172,241,220,220,2007,620,RP,13,13,13,RP.620.2007
152,148,148,186,179,188.5,241,240,240,2014,620,RL,129,96,96,RL.620.2014
132.65,131,144.6,201,179,201,241,238.35,241,2014,620,RP,110,85,85,RP.620.2014
128,121,129.5,157,151,165,241,234,252,2016,566,RP,84,68,68,RP.566.2016
145,133,145,184,178,209,241,223,243,2019,563,RP,41,40,40,RP.563.2019
158,156,162,194,189,196,241,233,247,2020,568,RL,96,93,93,RL.568.2020
148,145.15,148.15,191,180,195.5,241,238,243,2020,622,RE,96,93,93,RE.622.2020
120,106.9,126,180,161,184,241.1,229,245,2012,566,RP,92,86,86,RP.566.2012
150,150,165.25,180,166,182,241.1,212.6,262,2016,507,RL,21,20,20,RL.507.2016
102.8,87,106.2,192,181,206,241.2,235,265,2017,644,RP,52,52,52,RP.644.2017
174,147,174.2,183,176,185,241.4,190,247,2012,566,RE,16,16,16,RE.566.2012
156,156,167,183,168,224.5,241.5,228,246,2008,566,RL,12,12,12,RL.566.2008
159.1,159,160,210,172,222,241.7,234.6,242,2013,622,RE,13,13,13,RE.622.2013
153,148,156,188,180.5,194,241.8,222,268.15,2016,593,RE,67,56,56,RE.593.2016
119.45,116,123,184.5,156.5,202,242,208,253.05,2015,562,RP,25,25,25,RP.562.2015
155,152,161,195,184,202,242,234,255,2017,592,RE,37,34,34,RE.592.2017
110,107,113,179,172,179,242,233.1,245,2017,595,RP,217,137,137,RP.595.2017
147,141,147,178,172,180.5,242,234.75,252,2017,622,RE,57,52,52,RE.622.2017
159,146,162.4,199,188,204,242,237.15,245,2018,568,RL,73,66,66,RL.568.2018
159,153,160,183,174,183,242,221.6,268,2018,591,RE,34,29,29,RE.591.2018
136.25,1,144,213,198,218.5,242,235.6248539,258,2020,563,RP,35,35,35,RP.563.2020
152.65,145,157.75,204.5,176,219.5,242.5,233.35,251,2013,591,RL,13,13,13,RL.591.2013
123.5,117,128,217,196,219,242.5,240,261,2013,622,RP,51,48,48,RP.622.2013
176.75,172,183.65,201,191,207.5,242.5,240,264,2019,564,RE,30,28,28,RE.564.2019
130.6,128,147.6,191,170,209,242.6,232,252,2018,568,RP,32,32,32,RP.568.2018
138,132,147,215,163,216,242.6,229.2,249,2020,674,RE,17,17,17,RE.674.2020
138.25,124,145,173,166.5,187.5,242.8,206,245,2011,739,RP,17,17,17,RP.739.2011
110,90,110,132,123,152.5,242.8,214,246,2012,647,RL,31,27,27,RL.647.2012
145,136,145,184,172,189,242.95,239,280.45,2015,649,RE,47,39,39,RE.649.2015
151.05,149,155,185,167,190,243,229.2,252,2011,566,RL,37,33,33,RL.566.2011
130,123,126.15,167,149,169,243,203.55,243,2012,562,RL,34,29,29,RL.562.2012
105,105,130,142,135,168,243,204.8,243,2012,562,RP,15,15,15,RP.562.2012
123.4,104,131,190,147,207,243,234.2,266,2012,595,RP,37,32,32,RP.595.2012
125,89,127.25,181,145,202,243,215.7,250,2013,675,RP,18,18,18,RP.675.2013
156,139,156.3,183,178,185,243,236,258,2013,739,RL,58,48,48,RL.739.2013
160,142.75,163,186,175,186,243,229,243,2014,649,RE,35,32,32,RE.649.2014
159.65,152,161,166,162,167,243,225.2,273,2017,535,RP,17,17,17,RP.535.2017
136.4,126,145,196,189,200,243,237,245.2,2018,591,RP,121,94,94,RP.591.2018
167,166,167,193,187,194,243,231.35,243,2019,565,RL,93,83,83,RL.565.2019
141.7,140.7,142,183,180,184,243,237,243,2020,593,RP,215,159,159,RP.593.2020
102.7,101,127.65,212.5,195,219,243.15,236,244,2013,703,RP,31,29,29,RP.703.2013
103,103,108,180.5,140,201.5,243.25,223,277,2013,647,RP,21,20,20,RP.647.2013
158.7,154.1,166,194,185,197,243.3,231,267,2019,563,RL,73,70,70,RL.563.2019
124,124,137.65,180.5,168,187.5,243.4,209,247,2012,591,RL,23,21,21,RL.591.2012
155,155,158,175,158,175,243.65,180.95,299.65,2017,568,RP,17,17,17,RP.568.2017
145.3,140,146.65,164.5,160,176,243.7,234.45,247.1,2010,593,RL,52,41,41,RL.593.2010
136.25,129,148.5,177.5,161,201,243.75,227.75,249,2014,739,RP,26,24,24,RP.739.2014
128.4,126,134,183,178,188,243.8,236.2,253.4,2018,594,RP,131,97,97,RP.594.2018
205,198,198,221,219,221,244,230,237,2002,591,RP,12,12,12,RP.591.2002
153,153,160,174,160,174,244,183.8,244,2007,622,RE,15,15,15,RE.622.2007
101,68,68,123,116,123,244,226,244,2009,648,RP,21,21,21,RP.648.2009
107,82,110,155.5,124,200,244,219.75,245.75,2012,647,RP,33,30,30,RP.647.2012
150.25,148,153.25,199.5,178.5,214.5,244,229,248,2013,620,RE,23,23,23,RE.620.2013
128.6,120,140,205,194,208,244,236,257,2013,620,RP,99,84,84,RP.620.2013
140,134,145,190,183,198,244,237.7,253,2014,567,RP,107,78,78,RP.567.2014
132.95,125.95,137,185,177,189,244,239,246,2015,593,RP,165,117,117,RP.593.2015
134,123,148.25,177,164,214.5,244,226,248,2017,563,RP,33,31,31,RP.563.2017
148,147,147,176,171,176,244,239,244,2018,534,RL,81,69,69,RL.534.2018
153,151,153,188,185,189,244,239,247,2020,594,RL,163,133,133,RL.594.2020
151.8,150,153,194,186,197,244,238,248,2020,620,RE,97,94,94,RE.620.2020
134,134,167,204,164,205,244.05,224.95,245,2018,617,RE,11,11,11,RE.617.2018
166,166,170,189,170.5,216,244.2,225.2,267,2013,565,RL,11,11,11,RL.565.2013
146,126.8,146.7,198,188,202,244.6,239,252.8,2020,534,RP,115,114,114,RP.534.2020
94,94,96,138,97.5,180,244.75,231,257,2012,703,RL,14,14,14,RL.703.2012
151,149,151,188,182,188,244.8,209.2,259,2018,621,RE,26,24,24,RE.621.2018
151,130,151,201,190,214,245,234.3,245.1,2010,595,RL,33,28,28,RL.595.2010
149,144,154,219,185,228,245,235,262,2010,619,RP,21,20,20,RP.619.2010
140,116,140,189,153,189,245,238,260,2012,622,RL,30,28,28,RL.622.2012
105.9,104,110,190,153,201,245,239.3,285,2019,733,RP,32,31,31,RP.733.2019
150,147.5,150,184.5,180,187,245.25,240,256,2020,534,RL,122,121,121,RL.534.2020
146.2,146,150,211,163.5,217.5,245.35,228,246,2020,645,RE,11,11,11,RE.645.2020
118.5,101,129,164,144,183,245.75,229,268,2015,647,RP,35,33,33,RP.647.2015
150.05,148,153.05,187.5,180,196.5,245.8,222,257,2020,621,RE,61,61,61,RE.621.2020
145.4,71,154.25,209.5,199.5,216,246,235,249,2004,595,RL,24,20,20,RL.595.2004
104,102.7,105,165,161,166,246,241,246,2006,646,RP,130,123,123,RP.646.2006
150.8,144.9,154,183.5,179,188.5,246,235.1,247.55,2012,739,RL,85,65,65,RL.739.2012
152,150,152,189,181,197,246,231,262,2013,595,RE,38,36,36,RE.595.2013
127,118,127,202,195,203,246,242,247,2013,595,RP,140,98,98,RP.595.2013
128.15,125.3,136,182,161,197,246,235,256,2018,566,RP,83,70,70,RP.566.2018
141.05,136,144.7,188,180,188,246,242,271,2018,592,RP,128,93,93,RP.592.2018
91.5,91,119,195,153,197,246,223,291,2018,733,RP,21,20,20,RP.733.2018
179,171,180,207,197,232,246,238,248,2018,769,RL,21,21,21,RL.769.2018
159,144,161.5,210,200,216,246,241,253,2019,534,RP,67,67,67,RP.534.2019
157,150,158,185,177,189,246,216,267.4,2019,594,RE,49,45,45,RE.594.2019
111.4,108,115.4,184,150,184,246.2,244,261.6,2009,648,RL,29,29,29,RL.648.2009
182.8,181,188.4,206,192,212,246.2,216,264,2014,592,RE,20,20,20,RE.592.2014
123,97,132,220.5,214.5,230,246.25,243.75,263.25,2013,703,RL,23,22,22,RL.703.2013
121.25,120,126.05,195.5,148,216,246.5,227,247,2013,736,RP,27,26,26,RP.736.2013
116.1,108,121.5,181,146,200,246.5,241,283,2015,617,RP,26,26,26,RP.617.2015
150.95,144,151,184,180,185,246.55,219.75,310,2016,563,RL,22,21,21,RL.563.2016
163,163,169,192,170,192,246.7,221,267,2014,565,RL,29,26,26,RL.565.2014
155.7,153,159.3,184,175,193.5,246.7,215.55,271,2018,590,RE,19,18,18,RE.590.2018
137,137,152,181,160,202,246.8,211.85,257,2020,769,RP,18,17,17,RP.769.2020
154.4,122,156,203,192,210,246.9,235.1,313,2011,622,RL,36,35,35,RL.622.2011
140,131,148.45,192,176,210,247,245,263,2009,595,RL,24,22,22,RL.595.2009
126.3,117,129,204.5,194,216.5,247,237,247,2009,649,RL,36,36,36,RL.649.2009
117,89.4,117,194,133,194,247,237,247,2009,649,RP,38,38,38,RP.649.2009
144,136.25,144.25,179,174,181,247,241.75,256,2012,566,RL,109,97,97,RL.566.2012
141,136,141,181,177.5,183.5,247,243,249,2012,593,RL,179,118,118,RL.593.2012
152,150,152,201,194,206,247,244,254,2013,595,RL,180,114,114,RL.595.2013
117,117,126,169,150,169,247,246,246,2015,675,RL,53,49,49,RL.675.2015
100,100,108,169,150,169,247,246,247,2015,675,RP,46,42,42,RP.675.2015
116,116,153.8,207,149,214,247,223.2,247,2020,644,RE,10,10,10,RE.644.2020
137,134,137,182,175,184,247.1,242,253,2017,593,RP,233,148,148,RP.593.2017
144.6,138,149.5,170,162,177,247.2,219.5,261,2008,567,RL,32,31,31,RL.567.2008
130,121,133,180,166,190,247.2,237,259,2016,594,RP,88,73,73,RP.594.2016
143.45,126,155,208.5,194,218,247.35,242,261,2013,622,RL,58,52,52,RL.622.2013
157.2,137,163,199,189,212,247.4,238.2,259,2017,565,RL,45,37,37,RL.565.2017
141,132.35,143,190,184,194,247.65,243.6,255,2016,593,RP,201,129,129,RP.593.2016
155,152,159,188,182.5,192.5,247.7,242.35,261,2013,592,RL,95,85,85,RL.592.2013
207,203,209.6,221,208,220,247.8,235,259,2007,703,RL,9,9,9,RL.703.2007
138,136,140.65,178,172,184,247.8,239,265,2017,567,RP,120,91,91,RP.567.2017
109.85,77,113,132,115,147,247.85,200.8,266,2009,702,RP,20,20,20,RP.702.2009
147,140,151,186,183,188,247.9,242,255,2017,595,RL,208,128,128,RL.595.2017
107,98,105.2,176,150,198,247.9,233,251.6,2017,617,RP,50,47,47,RP.617.2017
123,77,147,198.5,171,212,248,239.7,252.25,2011,676,RP,25,25,25,RP.676.2011
129.55,124,134,183,176,184,248,240.45,250,2015,595,RP,134,95,95,RP.595.2015
143,131.7,143,186,164,186,248,229,251,2018,562,RL,62,58,58,RL.562.2018
133.4,128.4,136,194,181,196,248,244,255,2018,567,RP,159,116,116,RP.567.2018
149,145,150,190,181,197.5,248,238,258,2018,622,RE,68,57,57,RE.622.2018
145.15,137,148.3,202,198,205,248,241,250,2020,590,RP,141,135,135,RP.590.2020
144,119,148,193,183,200,248.2,239,251.4,2020,568,RP,88,87,87,RP.568.2020
150,139,148,182,178,187,248.5,247,260,2014,594,RL,113,84,84,RL.594.2014
142.2,140,155,168,162,173,248.6,190,268,2017,594,RE,28,28,28,RE.594.2017
164.1,154,166.1,189,184,194,248.6,238,260,2020,592,RE,67,59,59,RE.592.2020
147.15,142.15,149,176,173,181,248.7,239,259.85,2016,566,RL,122,86,86,RL.566.2016
117,102,117,165,158,158,249,226.35,226.35,2003,645,RL,14,12,12,RL.645.2003
151,148.2,151,189,185,190,249,241,259,2013,566,RL,103,92,92,RL.566.2013
102,102,102,162,132,162,249,248,248,2014,675,RL,23,22,22,RL.675.2014
102,102,102,162,132,159.5,249,248,248,2014,675,RP,23,22,22,RP.675.2014
136,126,136,182,171,182,249,235.75,244,2015,620,RP,142,97,97,RP.620.2015
164,158,164,192,188,193.5,249,240.45,266.05,2015,739,RL,93,68,68,RL.739.2015
162.15,159,168,182.5,174,193,249,196,265,2018,566,RE,20,19,19,RE.566.2018
127.5,107,139.1,210,204,213,249,245,256,2018,673,RP,93,81,81,RP.673.2018
152,151,152,185,168,186,249,193,249,2020,589,RE,14,14,14,RE.589.2020
152,151,152,186,184,186,249,245,249,2020,593,RL,214,145,145,RL.593.2020
152.1,136,160,177,166,191,249.15,222,267,2008,593,RL,30,29,29,RL.593.2008
103,83,103.85,186,154.5,204,249.15,230,265,2013,702,RP,46,43,43,RP.702.2013
113.65,113,114,149.5,147,169,249.35,242,254,2009,702,RL,32,32,32,RL.702.2009
122.6,108,134,165,148,196,249.4,218,265,2015,591,RP,24,23,23,RP.591.2015
168.8,148,182,190,190,192,249.4,192,270,2017,621,RE,15,15,15,RE.621.2017
161,160,161,187,184,190,249.55,245.55,256,2020,739,RL,136,106,106,RL.739.2020
105,100,105,177,174,177,250,243,250,2002,649,RP,51,51,51,RP.649.2002
141,141,169.4,190,179,208,250,223.95,250,2003,702,RL,21,15,15,RL.702.2003
141,107,151,179,166,172,250,216,250,2003,702,RP,15,12,12,RP.702.2003
137,87,137,186,151,186,250,235,263,2004,617,RP,13,13,13,RP.617.2004
158,152,160,196,191,202,250,243,260,2014,592,RL,91,80,80,RL.592.2014
129,101,101,183,164,186,250,228.2,251.4,2015,647,RL,53,50,50,RL.647.2015
141,138,138,200,197,200,250,248,258,2018,622,RL,217,141,141,RL.622.2018
138,125,144.85,205,189,209,250,243.15,256.9,2019,592,RP,108,89,89,RP.592.2019
121,121,192.2,208,194,214,250,214.2,250,2019,645,RE,10,10,10,RE.645.2019
120,114,122.85,196.5,185.5,204,250,242.15,260,2020,736,RP,123,111,111,RP.736.2020
151,148,152,194,189,196,250.15,246,257,2020,590,RL,130,127,127,RL.590.2020
152,140,155,211,202.5,215,250.25,247,254,2013,619,RP,103,87,87,RP.619.2013
138,131,142,189.5,183,195,250.25,241.75,254,2014,593,RP,161,119,119,RP.593.2014
147,147,179.4,212,181,217,250.45,229.1,259,2006,619,RP,15,14,14,RP.619.2006
132,131,136.4,192,182,193,250.6,240,255,2014,595,RP,167,105,105,RP.595.2014
155,155,156,211,157,211,250.65,211,275,2005,619,RL,15,14,14,RL.619.2005
156,140,156,211,193,212,250.75,248,305.1,2011,676,RL,24,24,24,RL.676.2011
132.2,129,133,151,139,190,250.8,200.6,282,2011,594,RP,12,11,11,RP.594.2011
133,7,147,164,149,193,250.9,209.3,277,2009,703,RL,17,17,17,RL.703.2009
114,109,117,178,175,181,251,249,251,2006,646,RL,130,118,118,RL.646.2006
104,102,103.3,145.5,128,148,251,192,212.65,2008,649,RP,41,40,40,RP.649.2008
124,124,145,190,145,209,251,242.5,251,2012,591,RP,15,15,15,RP.591.2012
153.2,150,156,193,185,197,251,242.8,252,2014,566,RL,109,83,83,RL.566.2014
136.45,133,141.35,186,174,192,251,244.55,261,2015,567,RP,113,90,90,RP.567.2015
146,142,146,184,178,186,251,241.4,253.2,2015,595,RL,175,108,108,RL.595.2015
158,158,184.4,193.5,185,203,251,236.25,251,2017,736,RE,13,10,10,RE.736.2017
148,147,147.8,171,169,171,251,194,251,2018,534,RE,33,27,27,RE.534.2018
106.1,90,114.75,211,201,218,251,245,259.85,2018,674,RP,63,63,63,RP.674.2018
145,142,148,195,186,201,251,245,256,2020,592,RP,146,112,112,RP.592.2020
124,116,124,185,180,187,251,243,253,2020,595,RP,212,168,168,RP.595.2020
145.8,144,147,216,213,218,251,244.6,252,2020,649,RE,89,89,89,RE.649.2020
169.2,158,172,193,181,199,251.2,209.2,256,2014,619,RE,17,16,16,RE.619.2014
151.9,126,157,207,198,214,251.4,245,267,2014,618,RP,67,55,55,RP.618.2014
172.25,149,180,226,208,239,251.5,241.75,256,2006,619,RL,12,12,12,RL.619.2006
118,113,118,184,172,184,251.5,241.5,258,2017,592,RP,128,91,91,RP.592.2017
115,114,115,148,135,148,251.55,251,252,2008,649,RL,37,36,36,RL.649.2008
101,89,101,205,184,215,251.7,248,257.7,2015,702,RP,100,85,85,RP.702.2015
181,165,182.5,202.5,191,231,251.75,244,252,2019,736,RE,19,16,16,RE.736.2019
154,154,161,195,154,218,251.8,226.8,255,2007,619,RP,12,12,12,RP.619.2007
169,168,169.8,191,187,202,251.8,228,323,2016,565,RL,26,24,24,RL.565.2016
114.6,88,126,204,154,208,251.9,227.4,282,2010,702,RP,25,25,25,RP.702.2010
129,127,128,201,198,202,252,246,258,2018,622,RP,232,152,152,RP.622.2018
130,116,130,183,154,213,252,239.1,272.8,2011,702,RL,24,23,23,RL.702.2011
157.2,153.2,164.8,210,200,215,252,245,267,2014,618,RL,57,43,43,RL.618.2014
146,143,147,186,181,190.5,252,236,257.8,2015,566,RL,121,91,91,RL.566.2015
174,159,175.5,209,184,209,252,234,252,2015,674,RL,14,14,14,RL.674.2015
118.9,102,171.55,209,188,209,252,228,252,2015,674,RP,17,17,17,RP.674.2015
128,121,128,172,163,183,252,226,259,2016,739,RP,31,30,30,RP.739.2016
88.5,72,94,119,94,137,252.25,195.75,253,2012,703,RP,10,10,10,RP.703.2012
123,117,117,192,187,194,252.25,250,267,2014,648,RL,118,86,86,RL.648.2014
152,142,153,200,191,205,252.5,243,266.8,2019,620,RE,85,82,82,RE.620.2019
153,151,155,190,186,191,252.9,250,260,2014,593,RL,198,119,119,RL.593.2014
105,104,105,180,178,180,253,251,251.5,2002,622,RP,53,53,53,RP.622.2002
174,166,166,219,183,239,253,246,252,2006,617,RP,13,13,13,RP.617.2006
163,148,163,197,196,196,253,246,248.8,2006,676,RL,32,30,30,RL.676.2006
153,149,155,199,186.5,199.5,253,248,260,2014,567,RL,147,102,102,RL.567.2014
162,160,163,179.5,173.5,187,253,215.25,270.65,2019,534,RE,26,26,26,RE.534.2019
146,145,146,194,191,196,253,250,253,2020,622,RL,179,155,155,RL.622.2020
160.35,154,165.6,186,175.5,197,253.8,221.5,270,2019,591,RE,20,20,20,RE.591.2019
NA,NA,NA,163,128,128,254,232,254,2000,676,RP,16,15,15,RP.676.2000
121,121,121,135,128,128,254,235,235,2005,649,RL,13,13,13,RL.649.2005
108,108,108,134.5,128,135,254,235,254,2005,649,RP,17,17,17,RP.649.2005
147.45,130,152.15,207.5,200,212,254,239.4,260,2013,567,RP,84,72,72,RP.567.2013
152,151,152,179,167.5,186,254,222,258.8,2014,591,RL,39,37,37,RL.591.2014
108,103,103.75,197,188,200,254,252,254,2015,648,RP,154,112,112,RP.648.2015
139,138,144.5,204,163,216,254,233,268,2016,563,RP,20,20,20,RP.563.2016
151,147,151,186,182,190,254,249,256.3,2016,567,RL,172,119,119,RL.567.2016
108,104.95,108,181.5,174.5,188,254,243,266.1,2016,595,RP,174,124,124,RP.595.2016
125,113,125,189,160,209,254,247,290,2017,562,RP,47,46,46,RP.562.2017
159,156.35,159,179,174,180,254,233,254,2017,564,RL,80,63,63,RL.564.2017
131,130,130,164,146,167,254,184,254,2017,564,RP,33,32,32,RP.564.2017
146,141,146.1,202,196,204,254,251,256,2019,593,RP,251,153,153,RP.593.2019
144,138.4,144,216,191,218,254,244.8,258.8,2020,648,RE,70,70,70,RE.648.2020
130,107,135,197,187,201,254.3,251,259,2017,619,RP,139,104,104,RP.619.2017
148,134,149.3,202,189,208,254.35,249,272,2013,567,RL,131,98,98,RL.567.2013
77,77,93.8,201,191,201,254.5,247,304.7,2016,675,RP,71,58,58,RP.675.2016
149.85,149,153.85,181,175,184,254.6,247.15,260,2015,567,RL,143,103,103,RL.567.2015
102,100,102,206,123,212,254.7,218,267,2014,674,RL,11,11,11,RL.674.2014
NA,NA,NA,157,147,177,254.75,194.6,263,2015,534,RL,9,9,9,RL.534.2015
124.2,108,151.8,224,197,231,254.8,249.8,288,2012,618,RP,20,20,20,RP.618.2012
149,114,149.4,219.5,210,226,254.8,246,261,2016,591,RP,40,36,36,RP.591.2016
122,115,122,199,185,211,255,236,236,2004,648,RL,133,122,122,RL.648.2004
108,107,115,211,192,212,255,236,255,2004,648,RP,160,149,149,RP.648.2004
130,122,130,222,213,222,255,241,241,2004,649,RL,27,21,21,RL.649.2004
101,101,122,215,208.5907128,215,255,241,255,2004,649,RP,30,21,21,RP.649.2004
112,112,113,171,169,171,255,246,255,2008,618,RP,66,66,66,RP.618.2008
152,139.6,152,188,183,189,255,247,258,2014,595,RL,204,118,118,RL.595.2014
116,100,167.75,226.5,205,240,255,240,255,2014,703,RP,18,17,17,RP.703.2014
153,146,153,190,185,192,255,240,258,2018,566,RL,130,94,94,RL.566.2018
136.4,133,137,188,185,189,255,249.6,258,2018,593,RP,242,150,150,RP.593.2018
142,136.8,143.8,198,187,205,255,245,263,2019,566,RP,116,101,101,RP.566.2019
157,152.55,158,198,195,201.5,255,246.9,260.45,2019,594,RL,177,123,123,RL.594.2019
134.9,127,139,215,210,219,255.55,249,258.65,2018,673,RL,93,81,81,RL.673.2018
144,132,144,194,170,210,255.6,245,263.4,2012,567,RL,55,51,51,RL.567.2012
144.2,136,149,199,189,202,255.6,237,269,2020,562,RP,99,93,93,RP.562.2020
134.1,129,137.1,189,181,195,255.6,244,260,2020,736,RL,125,111,111,RL.736.2020
157,149,157,217,202,226,255.7,253,262,2016,591,RL,50,45,45,RL.591.2016
127,107.6,127,184,166,195,255.7,244.7,260,2017,589,RL,63,58,58,RL.589.2017
121.75,121,122,154,135,201,255.75,207,258,2010,594,RP,10,9,9,RP.594.2010
134,131,137,191,170,197,255.75,252,262.15,2014,594,RP,99,77,77,RP.594.2014
164,162,164,197,193,201,255.8,250,260,2019,566,RL,151,109,109,RL.566.2019
117,107,117,205,194,213,255.9,242.95,272,2013,648,RP,58,53,53,RP.648.2013
160.85,135,189.15,220.5,208.5,227,256,234.9,265,2002,619,RP,23,23,23,RP.619.2002
133,129,129,214,197,215,256,255,284,2004,646,RL,65,58,58,RL.646.2004
127,108,127,206,197,206,256,255,269,2004,646,RP,63,56,56,RP.646.2004
160.9,135,165,208.5,201,220,256,235,262,2011,595,RL,56,47,47,RL.595.2011
167,139,167,229,195,230.5,256,246,265.35,2013,562,RL,26,25,25,RL.562.2013
134,118,160.5,223,203,229,256,249.5,283,2015,590,RP,24,22,22,RP.590.2015
143,108,144,184,167,187,256,242,271,2015,617,RL,36,35,35,RL.617.2015
141,131.9,143.8,186,177,190,256.1,247,264,2016,567,RP,138,100,100,RP.567.2016
135.2,108,140,226.5,163.5,243,256.15,244.95,257,2010,566,RL,15,15,15,RL.566.2010
139.7,129,143,178,167,199,256.15,215.2,261,2014,591,RP,30,29,29,RP.591.2014
151,146,147,190,181,193,256.2,241.8,268,2008,595,RL,32,31,31,RL.595.2008
156.9,151,160.95,205.5,182,225,256.4,251.15,264,2004,619,RP,28,28,28,RP.619.2004
145,139,154,183,168,191,256.4,201.2,264,2016,562,RE,14,14,14,RE.562.2016
143,142,144,161,152,184,256.5,196,290,2017,562,RE,21,20,20,RE.562.2017
135,133,136,216,168.5,226,256.6,248,284,2015,676,RE,24,24,24,RE.676.2015
103.5,100,120.9,192,171,195,256.9,247.2,308,2017,673,RL,66,64,64,RL.673.2017
102,82,82,173,159,183,257,250,250,2003,617,RP,18,18,18,RP.617.2003
123.2,122,125,180,160,189,257,218.4,291,2008,647,RL,33,32,32,RL.647.2008
131.9,127.7,133,193,189,195,257,239.55,263,2012,620,RP,131,101,101,RP.620.2012
149.45,147,152,188.5,184,191,257,251,260,2013,593,RL,186,120,120,RL.593.2013
149.15,141,154.75,215,200.5,218.5,257,245.85,285,2013,619,RL,76,68,68,RL.619.2013
159.9,139,174.9,215,209,222,257,232,257,2013,646,RL,24,24,24,RL.646.2013
151,146.5,153.5,207,201,213,257,236.25,263,2014,592,RP,91,80,80,RP.592.2014
145,136,145,177,174,182,257,249,260,2015,620,RL,160,112,112,RL.620.2015
154,151,154,195,189.5,199,257,251,259,2018,567,RL,178,120,120,RL.567.2018
156,152,159,211,204,214,257,252.5,258.5,2018,590,RL,95,92,92,RL.590.2018
153,150.826886,153,193,188,196,257,244,263.8,2018,591,RL,127,92,92,RL.591.2018
143,131,144,194,192,195,257,245,291,2018,675,RL,116,93,93,RL.675.2018
139,127.8,146,213,205,217,257,248.6,274,2019,736,RP,93,72,72,RP.736.2019
149.3,145.3,150,194,191,196,257,252,257.7,2020,595,RL,211,155,155,RL.595.2020
144,143,144,198,194,200,257,251,257,2020,618,RL,171,161,161,RL.618.2020
147,142,147.2,206,203,207,257,250,259,2020,620,RP,198,159,159,RP.620.2020
150,148,150.2,202,197,205,257,248,257,2020,621,RL,134,133,133,RL.621.2020
148,138,149,206,201,210,257,247.75,259,2020,621,RP,122,122,122,RP.621.2020
153.1,153,154,165,155,171,257.1,193.7,282,2013,567,RE,16,16,16,RE.567.2013
96.75,90,99.75,192.5,178.5,201,257.25,247,266,2020,644,RP,115,115,115,RP.644.2020
132,127,139,182,175,187,257.3,241,264,2018,739,RP,73,66,66,RP.739.2018
162,135,163,221,215,225,257.35,250,269,2019,591,RP,83,77,77,RP.591.2019
119.6,116,125,216,199,219,257.4,228,261,2019,673,RE,14,14,14,RE.673.2019
121.75,118,130,188,175,201,257.55,245.2,275.55,2013,736,RL,42,39,39,RL.736.2013
152,141,154.4,209,197,215,257.6,235.6,266,2019,562,RP,56,56,56,RP.562.2019
101.4,92,107,194,182,207,257.7,240.3,267,2014,702,RP,82,69,69,RP.702.2014
153,142,153,202,192,210,257.9,244.3,271.6,2019,562,RL,83,83,83,RL.562.2019
94.1,88,96.3,202,190,208,257.9,253,262,2020,674,RP,134,134,134,RP.674.2020
147.5,102,154.95,217.5,198,229,257.95,255,269,2011,595,RP,28,25,25,RP.595.2011
150,148,152,187,179,191.5,258,251.35,262.8,2015,592,RL,110,81,81,RL.592.2015
147,144,148,186,183,187,258,250,258.95,2015,593,RL,215,131,131,RL.593.2015
106,102,106,193.5,189,201,258,250.25,257,2017,675,RP,87,74,74,RP.675.2017
123,121,121,211,209,211,258,247,258,2018,649,RP,234,152,152,RP.649.2018
139.75,130,146.45,195,185.5,201,258,247.3,277.25,2018,736,RL,106,80,80,RL.736.2018
138.75,135.75,145,194,185,201,258,250,262,2019,567,RP,144,118,118,RP.567.2019
138,131,139,202,194,208.5,258,246,258,2019,594,RP,151,125,125,RP.594.2019
114,107,124,200,192,205,258,243,264,2019,675,RP,159,125,125,RP.675.2019
149,146,149,190,183,194,258,248,269,2020,562,RL,121,115,115,RL.562.2020
140,137,141,197,194,199,258,253,258,2020,622,RP,206,182,182,RP.622.2020
102,95,109,185.5,179,199,258,248.85,259,2020,672,RE,22,22,22,RE.672.2020
174.85,174,175.85,193.5,179.5,202,258.05,208.65,281,2013,566,RE,18,17,17,RE.566.2013
95.75,93,101,205,192,208,258.25,254.5,262.25,2020,672,RP,119,112,112,RP.672.2020
137.1,127,140,179,174,183,258.3,249.3,265,2020,567,RP,155,135,135,RP.567.2020
145,125,145,187,162.5,201,258.4,224.8,271,2013,675,RL,18,16,16,RL.675.2013
152,148.2,152,192,188,195,258.4,257,260.4,2018,594,RL,176,115,115,RL.594.2018
167.95,162,179.2,234.5,201,245,258.45,247.8,261,2012,618,RL,18,18,18,RL.618.2012
104,103,104,171,150,173,258.5,247.5,266,2017,647,RL,107,94,94,RL.647.2017
124,117,117,204,184.5,204,258.7,253.5,280,2018,617,RP,58,57,57,RP.617.2018
111.15,105,121,204.5,164,212,258.75,247,304,2016,736,RP,50,44,44,RP.736.2016
154,153,154,216,187,216,258.8,244.8,267,2011,562,RL,17,16,16,RL.562.2011
106.3,89,117.6,199,192,207,258.8,251,264,2020,616,RP,108,108,108,RP.616.2020
160,152.3,158,190,188,195,258.85,255.85,264,2018,739,RL,140,98,98,RL.739.2018
132,112,132,209,202,202,259,239.2,239.2,2007,617,RL,15,14,14,RL.617.2007
140.2,111,145,240,215,240,259,255,268.8,2014,703,RL,25,24,24,RL.703.2014
137,131,137,176,167,189,259,250,263.8,2017,594,RP,124,97,97,RP.594.2017
106,106,123.2,199,191,207,259,258,258.9,2017,675,RL,96,79,79,RL.675.2017
151,149,151,206,196,209,259,247.8,259,2018,621,RL,105,99,99,RL.621.2018
148.25,146,151,197,193,201,259,248,278,2018,621,RP,80,76,76,RP.621.2018
151,142,151,220.5,216,224,259,251.9,265,2019,622,RE,90,88,88,RE.622.2019
121,99,140.3,209,198.5,214.5,259,243.45,263.8,2020,589,RP,99,98,98,RP.589.2020
144,136,144,201,196,202,259,257,261,2020,618,RP,184,172,172,RP.618.2020
110,102.8,115.9,204,199,208,259,253,263,2020,645,RP,143,143,143,RP.645.2020
154.6,137,163,184,168,213,259.2,231.8,268,2009,567,RL,21,21,21,RL.567.2009
148.4,120,150.6,161,157,170,259.4,245,276,2011,593,RP,33,30,30,RP.593.2011
156.3,144,167.1,201.5,193,218.5,259.55,226.9,260,2011,619,RP,19,19,19,RP.619.2011
132,129,132,224,216,227,259.6,253,265,2012,619,RP,116,95,95,RP.619.2012
107,99,107,211,198,211,260,253,253,2005,676,RP,45,41,41,RP.676.2005
145,140,146,214,200,219,260,254.2,265.8,2012,592,RL,96,89,89,RL.592.2012
132,128,149,179,162,200,260,232,278,2012,620,RE,34,32,32,RE.620.2012
162,160,164,196,189,202,260,252,263,2014,739,RL,93,77,77,RL.739.2014
149,143,149,183,169,184,260,247,262,2015,594,RL,115,85,85,RL.594.2015
150.25,150,152.5,210,165.5,217,260,223.75,271,2017,618,RE,15,15,15,RE.618.2017
80.65,67,89.65,161.5,148,175,260,244.9,266,2017,702,RP,183,148,148,RP.702.2017
149,137.4,151,195,189,198,260,252,260.9,2018,595,RL,203,132,132,RL.595.2018
122.65,121,125,190,185,195,260,255.35,263,2018,595,RP,189,137,137,RP.595.2018
148,142,153,196,176,212,260,234,288.8,2018,618,RE,42,40,40,RE.618.2018
136,115,138,216,198,221,260,245,264,2020,673,RE,26,26,26,RE.673.2020
101,94,101,220,214,224,260.35,247,273,2015,703,RP,61,52,52,RP.703.2015
158.55,153,161,189,181,197.5,260.75,239,280.9,2018,592,RE,47,41,41,RE.592.2018
125,116,125,211,204,216,260.95,256.85,263.85,2019,673,RL,93,93,93,RL.673.2019
141,141,141,179,170,170,261,233,261,2005,648,RL,55,53,53,RL.648.2005
134,121,134,179,163,179,261,233,261,2005,648,RP,63,60,60,RP.648.2005
135,114,135,166,152.5,166,261,258,283,2008,622,RL,37,33,33,RL.622.2008
114,99,114,150,146,162,261,201,283,2008,622,RP,39,36,36,RP.622.2008
114.6,104,122,206,149,227,261,242.6,275,2010,676,RL,29,29,29,RL.676.2010
162,161,163.2,218.5,199,237.5,261,239,261,2011,619,RL,21,20,20,RL.619.2011
155,154,155,196,182,208,261,241,261,2011,620,RL,41,40,40,RL.620.2011
156,154,156.4,188,183,198,261,255,275,2016,739,RL,68,57,57,RL.739.2016
117,113,118,196,190,198,261,258,265,2017,622,RP,311,170,170,RP.622.2017
157,150,157,205,199,208,261,250,274,2019,592,RL,133,109,109,RL.592.2019
159,157,159,202,199,202,261,257,261,2019,593,RL,258,144,144,RL.593.2019
155.7,153,158,197,193,200,261,251,262.3,2020,592,RL,166,128,128,RL.592.2020
150.4,150,151,204,201,206,261,257.6,264,2020,620,RL,188,150,150,RL.620.2020
184.5,177,193.4,215,204.5,223.5,261.3,250.2,274,2013,646,RP,23,23,23,RP.646.2013
114.55,102.85,125.2,185,171,198,261.45,244,283.8,2017,590,RP,97,92,92,RP.590.2017
151,137,151.45,201,191,211.5,261.55,255.1,262,2014,619,RL,64,54,54,RL.619.2014
138.4,122,149,206,184,221,261.6,249,269,2014,736,RP,43,40,40,RP.736.2014
157,152,157,211,166.5,235,261.65,260.65,286,2015,644,RL,15,14,14,RL.644.2015
146,144,146,182.5,182,187,261.65,233.05,274,2017,591,RE,17,16,16,RE.591.2017
145.1,125,159.1,193.5,184,222,261.7,252.15,265,2010,649,RL,31,31,31,RL.649.2010
136.15,132,140.6,200.5,181,218,261.7,248.85,276.6,2015,736,RL,62,55,55,RL.736.2015
129,109,130,209.5,198,214.5,261.95,248,269,2016,590,RP,72,70,70,RP.590.2016
139,109,139,212,209,212.5,262,248,262,2005,673,RP,61,61,61,RP.673.2005
119,112,119,194,189,194,262,260,262,2015,622,RP,212,142,142,RP.622.2015
118.6,116,128,206,194,213,262,252.6,262,2015,736,RP,51,47,47,RP.736.2015
162.05,149,165,209,201,213,262,253.75,309.1,2016,590,RL,76,73,73,RL.590.2016
147,143,150,188,183,194,262,254,268.7,2016,595,RL,201,126,126,RL.595.2016
126.65,126,139,205,162,217.5,262,222,264,2019,675,RE,13,13,13,RE.675.2019
119,116,123,202,196,204,262,259.2,266.2,2020,649,RP,233,201,201,RP.649.2020
155,147,155,204,176,217,262.4,246.1,274,2012,646,RL,19,19,19,RL.646.2012
144,138,147,191,170,206,262.45,232.35,275,2015,739,RP,33,30,30,RP.739.2015
99.45,95,104,196,185,200,262.55,256.55,265,2020,675,RP,185,160,160,RP.675.2020
147,145,147,217,195,222,262.8,251,287,2013,649,RE,32,32,32,RE.649.2013
102,99,147,191,179,192,262.8,244,270,2017,621,RP,64,58,58,RP.621.2017
138,130,138,210,193,210,263,262,262,2003,622,RL,65,64,64,RL.622.2003
101,101,108,206,192,206,263,255,263,2004,676,RP,55,47,47,RP.676.2004
148,148,169,182,164,182,263,224.8,269,2012,568,RL,13,13,13,RL.568.2012
149,110.5466887,149.1,186,174,199,263,255.3,282,2014,736,RL,62,59,59,RL.736.2014
94,82,94,172,166,166,263,262,262,2015,672,RL,32,30,30,RL.672.2015
85,82,94,172,115,172,263,262,262.75,2015,672,RP,19,17,17,RP.672.2015
109,108,109.5,180,157,191,263,241,264,2016,562,RP,36,36,36,RP.562.2016
158,148,159,190,184,193,263,258,273,2017,567,RL,165,110,110,RL.567.2017
105,98,105,199,195,203,263,258,274,2017,646,RP,163,117,117,RP.646.2017
112.3,103,135,218.5,214,223,263,259.95,270,2020,674,RL,120,120,120,RL.674.2020
158,152,163.25,200,181.5,212,263.1,236.45,284,2010,619,RL,20,17,17,RL.619.2010
149,148,149,192,189,193,263.2,261,266,2018,593,RL,273,156,156,RL.593.2018
113,109,113.9,200,135,206,263.3,241,364,2010,676,RP,31,30,30,RP.676.2010
150.65,147,151,184,179,188.5,263.35,257.05,273.1,2016,594,RL,137,100,100,RL.594.2016
146.85,146,147.85,189.5,174,217,263.45,239.4,266,2018,589,RE,18,18,18,RE.589.2018
105.2,79.1,108.8,217,209,224,263.6,250.4,265,2012,649,RP,48,46,46,RP.649.2012
137.8,102,140,217,201,223,263.6,258,272.6,2018,674,RL,73,73,73,RL.674.2018
148.05,124,153,215.5,211,220.5,263.65,260.65,269,2019,590,RP,119,116,116,RP.590.2019
147,147,183,225,186,229,263.7,232.3,279,2013,621,RP,15,15,15,RP.621.2013
149,146.3,152.95,206,198,212,263.75,260,270,2013,620,RL,109,92,92,RL.620.2013
100,98.55,99,161,155,161,263.8,260,268,2017,648,RP,192,134,134,RP.648.2017
143.1,120,155,215,208,217,263.9,254,269.6,2018,590,RP,97,93,93,RP.590.2018
130,118,140,205,199,210,263.95,255.95,283,2016,620,RP,175,123,123,RP.620.2016
104,104,104,188,146,188,264,243,258,2002,617,RP,15,15,15,RP.617.2002
163,160,167,210,187,219,264,230,288,2008,620,RL,22,20,20,RL.620.2008
120,103,121,210,203,216,264,257,264,2013,649,RP,99,86,86,RP.649.2013
128.5,106,141,183,178,183,264,255,264,2015,563,RP,15,15,15,RP.563.2015
139,139,154,181,169,181,264,242,264,2016,562,RL,41,41,41,RL.562.2016
134.5,132,149.5,190,183,197,264,246.5,269,2017,590,RL,75,71,71,RL.590.2017
123,111,127,193,169,211,264,245,279,2018,736,RP,76,64,64,RP.736.2018
171.2,163,174,206,199,212,264,258,270,2019,568,RL,86,84,84,RL.568.2019
126.9,120,137.7,202,194,208,264,253.3,269.2,2019,675,RL,136,118,118,RL.675.2019
156,152,156,191,188,192,264,260,265,2020,567,RL,169,132,132,RL.567.2020
137,128,138,213,207.8619155,213.5,264,260,264,2020,648,RL,171,160,160,RL.648.2020
116.9,110,124.45,208.5,205,211.5,264,259.7481459,264,2020,648,RP,187,178,178,RP.648.2020
134,128,137,210,203,211,264,260,265,2020,649,RL,210,185,185,RL.649.2020
158.95,135,164,220.5,212,229,264.05,256.05,280,2013,618,RL,62,55,55,RL.618.2013
169,164.4,169,205,198,208,264.3,261.3,269,2019,739,RL,137,98,98,RL.739.2019
103,84.7,103,198,191.2044677,200,264.55,252,272.55,2018,702,RP,198,164,164,RP.702.2018
149.75,114,164,196.5,185,206,264.65,249,271,2010,649,RP,37,35,35,RP.649.2010
187,187,190.3,236,235,236,265,264,264,2002,646,RL,29,27,27,RL.646.2002
187,187,202.1,235,230,236,265,264,264,2002,646,RP,30,28,28,RP.646.2002
91.95,86,93,137.5,136,143,265,226,269,2003,673,RP,40,40,40,RP.673.2003
130,117,132,177,164,206,265,217,265,2008,593,RP,17,16,16,RP.593.2008
139,130,143,209,198,209,265,256,267.5,2015,618,RL,69,68,68,RL.618.2015
115,106,163,231,163,233,265,246,265,2016,644,RL,15,15,15,RL.644.2016
149,144,150,195,191,196,265,260,266,2017,593,RL,278,152,152,RL.593.2017
148,141,149,217,212,222,265,258,272,2018,649,RE,52,51,51,RE.649.2018
127,125,127,211,209,211,265,263,265,2018,649,RL,238,155,155,RL.649.2018
128,122,131.6,155,149,171,265,234.2,278,2018,702,RE,28,28,28,RE.702.2018
131,124,138,206,200,209,265,260.05,268,2019,595,RP,191,153,153,RP.595.2019
137,126,139,209,204,211,265,258,268,2019,620,RP,228,166,166,RP.620.2019
142,135,142,197,190,202,265.2,261,271,2017,619,RL,148,114,114,RL.619.2017
137.3,128,143,215,211,217,265.4,250,272,2020,676,RE,108,108,108,RE.676.2020
156.75,150,168,214.5,184,228,265.5,236,276,2016,534,RP,15,15,15,RP.534.2016
143.75,126,151,189.5,178,201.5,265.75,251.5,291.25,2010,620,RL,53,48,48,RL.620.2010
152.5,146,159,197.5,188,204,265.75,245,272,2019,568,RP,58,57,57,RP.568.2019
150.1,144,154.4,184,175,187,265.9,255.6,268.8,2017,566,RL,99,81,81,RL.566.2017
156.65,149,158.35,205.5,178.5,231,265.95,236.35,277,2007,567,RL,18,16,16,RL.567.2007
151,151,151,187,171,187,266,220,220,2002,673,RP,9,9,9,RP.673.2002
90,84,90,203,184.4759402,203,266,249,266,2004,673,RP,68,68,68,RP.673.2004
91,91,91,196,146,196,266,252,252,2007,645,RL,13,13,13,RL.645.2007
91,91,91,196,146,202,266,244,266,2007,645,RP,13,13,13,RP.645.2007
121,116,129.05,189,166,222.5,266,253.65,275,2010,594,RL,18,18,18,RL.594.2010
96.8,80,104,137,127,167,266,234.15,287,2012,702,RP,43,41,41,RP.702.2012
106,95,106,200,192,205,266,263,266,2015,676,RP,175,127,127,RP.676.2015
77,77,110,203,201,217,266,247,266,2016,675,RL,58,48,48,RL.675.2016
108,107,108,184.5,164.5,207.5,266,253,269.95,2017,617,RL,76,72,72,RL.617.2017
126.9,113,146.2,203,187,218,266,247.4,268,2017,736,RL,82,61,61,RL.736.2017
166.2,159.4,169,204,194,207,266,257,275,2017,739,RL,114,88,88,RL.739.2017
146,128,146,215,196,223,266,258,266.5,2018,589,RL,68,62,62,RL.589.2018
147.35,146,152.7,216,201,220,266,257,266,2018,589,RP,66,58,58,RP.589.2018
110,103,117,192,182,198,266,261,272,2018,702,RL,193,166,166,RL.702.2018
156.2,146,171,197,190,202,266,235,267,2019,535,RL,59,59,59,RL.535.2019
154,151.35,160,213,206,216,266,261,271,2019,590,RL,119,117,117,RL.590.2019
154.3,151,158,197,191,199,266,253.1,269,2020,591,RL,107,103,103,RL.591.2020
150,136,152,206,200,212,266,248,269,2020,591,RP,119,115,115,RP.591.2020
123,108,124,201,193,209,266,260,270,2020,675,RL,164,141,141,RL.675.2020
121,113,124.9,207.5,200,214,266.35,256.05,274,2017,591,RP,83,73,73,RP.591.2017
139,116,145,188.5,184,198,266.4,262,279,2019,739,RP,77,71,71,RP.739.2019
146,133,148,211,205,216,266.8,263,279,2018,618,RP,136,132,132,RP.618.2018
112,97,114.15,199,192,204,266.85,256,278,2020,617,RP,145,144,144,RP.617.2020
147,147,235,238,234,238,267,249,267,2003,618,RP,11,11,11,RP.618.2003
110.75,110,111,209,193,210,267,263,267,2003,622,RP,78,77,77,RP.622.2003
160,128,160,230,160,230,267,245,269,2007,647,RL,23,23,23,RL.647.2007
116,110,110,191,186,197,267,250.4044314,267,2014,648,RP,114,82,82,RP.648.2014
161,137,161,192,188,210,267,247.2,271,2015,568,RL,34,33,33,RL.568.2015
146,134,146,196,187,200.5,267,259,274,2017,591,RL,84,72,72,RL.591.2017
113,107,113,212.5,179,225.5,267,253.3,268.9,2017,736,RP,67,53,53,RP.736.2017
133.25,108,143.5,205.5,186,220,267.1,246.95,294,2012,595,RL,50,49,49,RL.595.2012
147.9,138,150,197,190,202,267.1,252.8,281,2013,594,RL,98,79,79,RL.594.2013
177.5,173,180,221.5,196,232,267.25,253.25,283,2019,621,RE,22,22,22,RE.621.2019
164,164,196.3,217,198,249,267.6,258.5,271,2013,590,RL,18,17,17,RL.590.2013
93,84,93,206,192,206,268,266,271,2004,673,RL,78,78,78,RL.673.2004
134,126,134,183,175,182,268,255,255,2008,618,RL,52,52,52,RL.618.2008
140,110,140,225,186,240,268,242,268,2011,648,RL,24,24,24,RL.648.2011
149,140,161.6,225,198,240,268,240.8,268,2011,648,RP,18,18,18,RP.648.2011
149.75,107,164,222.5,211.5,229,268,259,297.5,2016,589,RL,63,60,60,RL.589.2016
150.65,150,152,188,184,189,268,255,268,2017,592,RL,133,92,92,RL.592.2017
129,117,129,203,196.5,207,268,264,268,2017,620,RP,214,142,142,RP.620.2017
165,159,165,204,197,207,268,263,272,2019,567,RL,173,117,117,RL.567.2019
112,107,121.8,192,159.5,216,268,252,272.75,2020,702,RE,54,54,54,RE.702.2020
95,88,98,203.5,197,208.5,268,263,269,2020,702,RP,212,202,202,RP.702.2020
170.6,161,195.95,225.5,212,234,268.1,246,272,2014,589,RL,40,40,40,RL.589.2014
132.5,115,144,203,185,208,268.1,259.5,285,2016,736,RL,54,46,46,RL.736.2016
153,142,154,198,191,206,268.1,266,275,2017,620,RE,75,61,61,RE.620.2017
159,154.7,162.9,210,198,215,268.2,254,288.4,2019,591,RL,95,92,92,RL.591.2019
86.25,69,93.5,226.5,217,231.5,268.25,243.25,296,2016,673,RP,31,29,29,RP.673.2016
141.15,141,149.25,206.5,192.5,225,268.45,243.25,303,2010,622,RL,19,19,19,RL.622.2010
119.6,116.1,144,202,193,207,268.7,256.8,272.8,2020,644,RL,110,110,110,RL.644.2020
136,118.9,138,226,218,229,268.8,264,271.7,2020,673,RL,130,130,130,RL.673.2020
150,132.25,150,204,192,204,269,241.25,269,2015,646,RL,61,57,57,RL.646.2015
115,107,123.25,205.5,191,221,269,240,277,2016,589,RP,24,22,22,RP.589.2016
151,149,152,197,192,198,269,265,273.4,2016,593,RL,258,146,146,RL.593.2016
124,89,151.5,214,207,221,269,263,283.5,2016,618,RP,86,86,86,RP.618.2016
146.3,126,151,215,207,222,269,261.4,280.3,2019,621,RP,112,111,111,RP.621.2019
102,96.64019418,106,208,202,212,269,264,273,2019,645,RP,142,141,141,RP.645.2019
151,150,158,193,186,197,269,230.4,284,2020,591,RE,35,33,33,RE.591.2020
136,103,147,207,199,213,269,262.5,283,2020,616,RL,105,105,105,RL.616.2020
150,145,152,221,217,224,269,263.7,277,2020,647,RE,88,88,88,RE.647.2020
112.8,106,122.4,205,196,210,269.6,260.2,274.6,2019,673,RP,110,110,110,RP.673.2019
155.15,150,166.15,191.5,174,217,269.65,251.45,295,2015,619,RE,22,21,21,RE.619.2015
153.9,141,164,178.5,174,191,269.7,226.95,276,2010,567,RL,19,18,18,RL.567.2010
118,116,116,199,194,201,270,266,270,2014,622,RP,187,133,133,RP.622.2014
143.6,124,150,212,199,214,270,252.7,280,2015,619,RP,72,57,57,RP.619.2015
144.75,134,151,170,165,170,270,227,270,2017,534,RL,75,61,61,RL.534.2017
105.55,105,106,165,158,170,270,227,270,2017,534,RP,57,48,48,RP.534.2017
148,147.8,147.8,196,192,201,270,244.6,270,2017,621,RL,82,74,74,RL.621.2017
116,103.25,122,205,185,211,270,254,270,2017,645,RL,58,57,57,RL.645.2017
106.2,96,122.8,209,196,213,270,254,274.5,2017,645,RP,61,58,58,RP.645.2017
106,104,106,171,167.5,171,270,269,270,2017,648,RL,195,137,137,RL.648.2017
118,94,122,196,142,205,270,244,288,2017,702,RE,30,29,29,RE.702.2017
99.35,94,105,161.5,150,176.5,270,261.977279,270,2017,702,RL,176,136,136,RL.702.2017
155,151,155,210,205,212,270,265.1,271,2019,595,RL,231,148,148,RL.595.2019
148,144,148,221,217,221,270,267,270,2019,622,RL,176,155,155,RL.622.2019
151,136,154.7,214,205,221,270,257,273,2019,736,RL,118,88,88,RL.736.2019
101,95,102,196,188,205,270,260,278,2020,672,RL,141,133,133,RL.672.2020
101.7,95,106.7,218,211,222,270,262,275,2020,673,RP,136,136,136,RP.673.2020
150,143,150,210,200,215,270.25,266,295,2015,619,RL,86,67,67,RL.619.2015
146.65,145.65,148,217,212,219.5,270.35,265,278,2018,618,RL,123,118,118,RL.618.2018
138,125.2,141,210,192,214,270.4,258.8,281,2013,594,RP,59,55,55,RP.594.2013
155,150,155,209,190,220,270.6,248.15,307.5,2011,567,RL,42,37,37,RL.567.2011
96,93.35,96,200,195,201,270.65,269,273,2020,676,RP,281,215,215,RP.676.2020
132.7,128,134.7,191,189,195,271,257,274,2012,620,RL,154,120,120,RL.620.2012
116.45,103,127.85,194,166,202,271,236,274.5,2013,647,RL,34,34,34,RL.647.2013
90,79,90,172,109,172,271,172,271,2014,672,RP,19,18,18,RP.672.2014
150,146,150,215,206,220,271,260.9,271,2017,618,RL,88,86,86,RL.618.2017
107,97,144.75,210,199,216.5,271,264,273,2017,618,RP,104,100,100,RP.618.2017
157,131,161,221.5,214,228.5,271,246,290,2018,647,RE,31,30,30,RE.647.2018
137.5,131,147,213,210,214,271,262,271,2018,647,RL,128,119,119,RL.647.2018
129,118,129,213,210,214,271,249.2,271,2018,647,RP,128,119,119,RP.647.2018
159.95,151,161,201,194,206.5,271,262.1,271.1,2019,534,RL,99,99,99,RL.534.2019
151,143.15,151,210,206,213,271,265,275.85,2019,620,RL,226,157,157,RL.620.2019
146,138,147,219,215,220,271,268,272,2020,647,RP,160,159,159,RP.647.2020
145,124,145,216.5,215,220,271.05,264,279.3,2013,649,RL,106,85,85,RL.649.2013
150,148,150,188,180,188,271.1,258.4,280,2018,592,RL,151,107,107,RL.592.2018
161.4,159,162,207,162,247,271.2,256,284,2008,592,RL,12,12,12,RL.592.2008
113,101,128,207,203,212,271.4,254.8,296,2015,646,RP,41,37,37,RP.646.2015
139.55,123,144.85,211,206,216.5,271.45,266,278.15,2020,645,RL,133,133,133,RL.645.2020
124,118,124,174,165,174,272,251,251,2002,648,RL,128,128,128,RL.648.2002
117.5,117,118,173,159,174,272,244,272,2002,648,RP,141,141,141,RP.648.2002
98.75,97,104,159,148,159,272,262.5,266.3813427,2002,676,RP,29,29,29,RP.676.2002
185.4,165,216,236,229,243,272,245.9,272,2006,646,RE,10,10,10,RE.646.2006
144,125,130,179,174,179,272,244,272,2007,622,RL,45,39,39,RL.622.2007
125,111,125,178.5,167,181,272,244,272.75,2007,622,RP,53,46,46,RP.622.2007
141.75,141,146,209,152,229,272,240,272,2013,648,RE,11,11,11,RE.648.2013
158,155,162.75,183.5,178,204,272,243.764181,272,2017,568,RL,65,58,58,RL.568.2017
194.9,176,197,262,238,266,272,269,272,2019,616,RE,10,10,10,RE.616.2019
141,138,142,216,213,217,272,269,274,2019,622,RP,205,179,179,RP.622.2019
147,145,147,222,219,222,272,269,272,2020,647,RL,154,152,152,RL.647.2020
112,109,115,211,202,213,272,267,272,2020,702,RL,178,175,175,RL.702.2020
105.3,100,112.6,216,196,222,272.1,263.4,275,2012,649,RL,67,61,61,RL.649.2012
126,125,125,209,196.8667279,209,272.3,266,289,2018,616,RL,54,53,53,RL.616.2018
117.1,109,136,195,180,212,272.5,264,306.7,2014,702,RL,94,81,81,RL.702.2014
158,125,160.25,222,212.5,235,272.55,268,310,2015,589,RL,50,45,45,RL.589.2015
146,132,147,213,208,217,272.9,268,275,2020,619,RP,171,151,151,RP.619.2020
203.6,117,219,240,239,240,273,253,257,2014,733,RL,13,13,13,RL.733.2014
137.8,132.6,143,203,196,208,273,263,275,2015,592,RP,105,89,89,RP.592.2015
109.2,101,116.4,204,177,214,273,256,280,2015,702,RL,127,105,105,RL.702.2015
161,156,161,178,167,191,273,223,277.5,2017,535,RL,26,26,26,RL.535.2017
144,135.5,146,210,205,212,273,262,276,2018,619,RP,156,113,113,RP.619.2018
128.9,109,138.4,194,179,202.5,273,257.15,296,2018,644,RL,83,83,83,RL.644.2018
110,96,126,186,173,195,273,261,296.5,2018,644,RP,67,67,67,RP.644.2018
140,134.05,142,210.5,205,216.5,273,266,273.95,2018,646,RP,186,134,134,RP.646.2018
117,113,119,210,207,211,273,271,272.95,2020,676,RL,264,200,200,RL.676.2020
168.9,159,184.2,247,208,254,273.1,256.9,274,2001,646,RL,16,16,16,RL.646.2001
133,122,133,173.5,170,179,273.15,242,279,2015,562,RL,47,45,45,RL.562.2015
103.85,100,106,204,174,215.5,273.3,259.4,293,2013,702,RL,44,40,40,RL.702.2013
104.75,73,119.25,229,209.5,238,273.5,265.25,284.25,2020,733,RP,51,51,51,RP.733.2020
119,108,119,197,185.5,207,273.75,270.5,280,2017,646,RL,169,119,119,RL.646.2017
172.2,157,178,220,214,226,273.8,262.6,290.4,2019,589,RL,103,84,84,RL.589.2019
158,154,162.2,255.5,202,260.5,273.85,267,290,2015,645,RL,14,14,14,RL.645.2015
148,137.3,148.3,172,168,173,274,203.3,274,2017,648,RE,44,36,36,RE.648.2017
86.1,86,88,175,149,175,274,253.9083697,274,2017,672,RP,38,37,37,RP.672.2017
157,145,165.4,196,188,210,274,259.6,279.4,2018,619,RE,44,40,40,RE.619.2018
151.65,145,153,211,204,214,274,262,274,2018,619,RL,154,116,116,RL.619.2018
151.8,147,155,217,213,220,274,265.4,276,2019,619,RP,190,141,141,RP.619.2019
156,147,159.2,217,208,222,274,264.4,284.2,2019,621,RL,114,114,114,RL.621.2019
152,147,155.7,205,193,217,274,267.1,276,2020,619,RE,81,77,77,RE.619.2020
123,111,137,218,214,221,274,271,281,2020,646,RP,170,166,166,RP.646.2020
115,99,116,165,145,211,274,263,275,2020,703,RE,73,73,73,RE.703.2020
135,92,135,191,190,191,275,253,253,2000,648,RP,42,42,42,RP.648.2000
139,136,136,216,210,219,275,266,287,2005,673,RL,70,70,70,RL.673.2005
130,129,130,216,194,216,275,268.1584382,275,2014,676,RL,106,85,85,RL.676.2014
103,100,103,179,166,179,275,269,275,2014,676,RP,110,82,82,RP.676.2014
126.6,104,129.2,209,197,224,275,261.8,289,2018,616,RP,38,38,38,RP.616.2018
122,117,126,208,205,210,275,271,277,2019,649,RP,229,195,195,RP.649.2019
151,147,148,219,215,221,275,270,275,2020,619,RL,161,141,141,RL.619.2020
102.15,99,105,211,205,213,275,271,275,2020,703,RL,208,184,184,RL.703.2020
94,89,95,206,200,210,275,272,276,2020,703,RP,229,198,198,RP.703.2020
NA,NA,NA,178.5,178,202,275.4,227,315,2006,590,RL,12,11,11,RL.590.2006
111.1,100,145,224.5,214,232.5,275.45,271,287,2019,616,RP,93,93,93,RP.616.2019
135,135,209.7,230,211,236,275.7,240.8,282,2002,619,RL,14,14,14,RL.619.2002
101,95,101,150,149,149,276,275,275,2003,673,RL,39,39,39,RL.673.2003
135,121,135,180,178,180,276,248,276,2004,622,RL,28,27,27,RL.622.2004
108,107,108,161,151,178,276,263,277,2004,622,RP,33,31,31,RP.622.2004
106,105,106,205,202,205,276,263,276,2006,673,RP,77,77,77,RP.673.2006
51,49,81,160,109,170,276,239,276,2011,673,RL,15,15,15,RL.673.2011
140.2,117,141,222,201,229,276,270,276,2013,648,RL,60,50,50,RL.648.2013
133,132,132,203,199,203,276,270,276,2014,622,RL,180,122,122,RL.622.2014
115,114,115,220,218,220,276,272,276,2014,649,RP,248,158,158,RP.649.2014
150,130,151,220,176,221,276,240,276,2014,676,RE,18,18,18,RE.676.2014
137,128,137,206,201,209,276,269.85,276,2018,620,RP,203,146,146,RP.620.2018
118,117,120,187,179,190.5,276,254,276,2018,648,RP,162,127,127,RP.648.2018
116,92.4,119,189,184,193,276,264,279,2018,703,RP,192,158,158,RP.703.2018
159,124.7,160.45,222,213,229,276.2,268.3,286,2013,618,RP,59,57,57,RP.618.2013
152.95,125.9,163.8,240,234.5,244,276.2,271,286,2019,616,RL,96,96,96,RL.616.2019
107,96.6,113,197,187,200,276.4,258.8,282,2019,674,RP,131,131,131,RP.674.2019
107,86,109,214,200,243,276.5,256,281,2016,645,RP,38,38,38,RP.645.2016
77,51,79,192,171,198,276.6,236.8,308,2017,673,RP,70,65,65,RP.673.2017
163.4,161,173,217,205,220,276.8,227,286,2008,619,RP,16,15,15,RP.619.2008
163,122,168,224,213.5,230,277,270,277,2006,622,RL,45,35,35,RL.622.2006
108,104,108,220,217,222,277,275.1,277,2006,673,RL,75,74,74,RL.673.2006
81,80,80,169,160,170,277,253.4208571,277,2008,673,RP,71,71,71,RP.673.2008
139,134,139,210.5,191.5,214,277,253,279,2017,649,RE,67,60,60,RE.649.2017
139,135,141.5,217,213,220,277,262,280,2019,649,RE,85,85,85,RE.649.2019
139,139,146,188,181,202,278,251,251,2002,595,RL,26,23,23,RL.595.2002
104,104,109,180,152,180,278,223,278,2002,595,RP,21,21,21,RP.595.2002
NA,NA,NA,188,187,187,278,257,257,2003,617,RL,17,17,17,RL.617.2003
179,157,179,214,208,214,278,270,278,2003,646,RP,44,43,43,RP.646.2003
131,106,116,214,207,214,278,270,299.8,2003,676,RP,28,28,28,RP.676.2003
132,125,132,219,215,219,278,261,278,2007,649,RL,31,28,28,RL.649.2007
125,105,105,219,215,222,278,253,278,2007,649,RP,27,25,25,RP.649.2007
113,109,113,166,163,166,278,271,281,2008,646,RP,90,87,87,RP.646.2008
156,154,162,201,193,213,278,265,280.1,2016,592,RL,121,100,100,RL.592.2016
120,107,122,203,163,211,278,240,279,2017,676,RE,72,72,72,RE.676.2017
130.3,121.45,136,207,201,210,278,261,279,2019,674,RL,132,132,132,RL.674.2019
140.25,123,149.5,205.5,197.5,213,278,264,284,2020,617,RL,127,125,125,RL.617.2020
140.5,136.25,145,219,209,223,278.75,274,281,2018,646,RL,203,143,143,RL.646.2018
140.6,135,146.6,221,206,227,278.9,271,284,2018,646,RE,40,38,38,RE.646.2018
126,125,126,216,155,216,279,231.8512938,279,2011,647,RL,15,14,14,RL.647.2011
126,113,126,212,195,221,279,240,279,2011,647,RP,13,13,13,RP.647.2011
148,147,153,212,184,225,279,250,279,2013,621,RL,28,26,26,RL.621.2013
122.75,113,151.4,191.5,186,200,279,266,288,2016,592,RP,61,55,55,RP.592.2016
92,85,92,184,181,190,279,276,279,2017,676,RP,329,204,204,RP.676.2017
150.85,147,152,188,179,194,279,266.45,287,2018,620,RE,78,73,73,RE.620.2018
147,146,146.75,206,200,209,279,273,279,2018,620,RL,207,148,148,RL.620.2018
125,124,129,178,158,217,279,251.8,304,2018,703,RE,29,28,28,RE.703.2018
109,104,109,186,182,189,279,272,279,2018,703,RL,162,140,140,RL.703.2018
111,101.7,117.75,218,212,225,279,271.3,281,2019,645,RL,122,121,121,RL.645.2019
143,137,144.1,208,195,221,279,257.9,291.1,2019,646,RE,49,46,46,RE.646.2019
101.05,99,106,199,194,201,279,269,284.85,2019,702,RP,250,201,201,RP.702.2019
109,104,112,203,197,207,279,275,281.4,2019,703,RP,228,195,195,RP.703.2019
124,113,126,207,202,210,279.25,274,282,2019,648,RP,172,160,160,RP.648.2019
110.5,99,126.5,191,149,211,279.5,239,289,2011,649,RP,31,30,30,RP.649.2011
113.4,86,126.1,218,211,228,279.6,267.1,302,2016,647,RP,67,63,63,RP.647.2016
160.6,139,187,237,224,239,279.65,250.3,293,2012,619,RE,17,16,16,RE.619.2012
95.2,89,114.5,225,211,241,279.9,270,285,2012,676,RP,74,66,66,RP.676.2012
136.35,127,138,232,181,237,279.9,243.3,285,2012,736,RL,12,12,12,RL.736.2012
156,156,171,246,224,246,280,268,268,2006,649,RL,24,23,23,RL.649.2006
169.6,156,176,233,204,233,280,268,280,2006,649,RP,22,22,22,RP.649.2006
120,120,120.1,190,121,190,280,276,306.1,2007,672,RP,13,13,13,RP.672.2007
139,111,138.4,189,188,189,280,272,272,2007,676,RP,36,35,35,RP.676.2007
91,91,98,169,163,165,280,277,279,2008,673,RL,67,65,65,RL.673.2008
162,117.4,166.3,182,175,188.5,280,256.25,280,2017,616,RL,38,36,36,RL.616.2017
173,105,173,179,175,182,280,210,280,2017,616,RP,21,21,21,RP.616.2017
86,86,90.85,235,91,250,280,267,280,2017,672,RE,11,11,11,RE.672.2017
86,86,88,223,170,223,280,274,280,2017,672,RL,45,41,41,RL.672.2017
105,95,105,195,189,199,280,278,280,2017,676,RL,306,191,191,RL.676.2017
123,120,123,199,192,203,280,269.849104,280,2018,648,RL,167,135,135,RL.648.2018
151.95,96.85,165.85,228,217.5,232,280,250,296.6,2019,589,RP,67,63,63,RP.589.2019
136,124,136,213,209,215,280,271.75,280,2019,648,RL,174,161,161,RL.648.2019
135,127,135,215,212,215,280,278,280,2019,649,RL,211,185,185,RL.649.2019
117,95,120,230,186,251,280,274,284,2020,733,RL,48,47,47,RL.733.2020
147,140.5,147,196,189,199,280.5,267,294,2017,594,RL,168,114,114,RL.594.2017
139.4,127.2,154,226,211,231,280.6,268.6,311,2018,645,RL,69,68,68,RL.645.2018
142.9,136.65,146,213.5,200,217,280.7,262.15,284,2019,648,RE,61,61,61,RE.648.2019
150.3,120.3,155.3,210,197,216,280.7,269.7,285,2020,589,RL,99,98,98,RL.589.2020
144.05,138,145.05,221,217,222,280.9,273,281,2020,646,RL,162,157,157,RL.646.2020
158,149,158,189,178,218,281,231.95,281,2005,567,RL,27,26,26,RL.567.2005
157,157,175.6,192,165,197,281,207,281,2013,594,RE,10,10,10,RE.594.2013
127,125,128,189,174,193,281,269.75,290,2017,562,RL,69,66,66,RL.562.2017
109,105,105,225,210,250,281,254.35,281,2017,733,RL,33,33,33,RL.733.2017
109,98,109,212,196.5,218,281,261,281,2017,733,RP,42,42,42,RP.733.2017
154,152,154,213,190,215,281,277,287,2019,618,RE,49,49,49,RE.618.2019
154,152,154,219,215,221,281,279,281,2019,618,RP,165,162,162,RP.618.2019
155,153,156.7,221,214,224,281,276,287,2019,619,RL,170,133,133,RL.619.2019
137,116,137.9,212,208,215,281,278,283,2019,646,RP,205,165,165,RP.646.2019
147,137,149,222,216,228,281,266,287,2020,646,RE,67,67,67,RE.646.2020
135,130,136,222,219,222,281.5,279,282,2014,649,RL,256,148,148,RL.649.2014
117.1,97.5,125.6,199,181,207,281.5,265,287,2016,617,RL,75,73,73,RL.617.2016
85,69,91,197,179.5,204.5,281.75,278,286.5,2017,703,RP,135,123,123,RP.703.2017
156,150.6894102,156.7,186,175,190,282,257.2,283,2011,593,RL,73,59,59,RL.593.2011
147.5,129,155,198,186,218,282,254,286,2016,620,RE,45,43,43,RE.620.2016
114,105,115,220,212,231.5,282,275,299.3,2016,646,RP,121,93,93,RP.646.2016
128,121,136,199,161,206,282,230,296,2019,674,RE,26,26,26,RE.674.2019
112,108,112,215,211,218,282,277,282,2019,703,RL,185,169,169,RL.703.2019
130.75,118,142.35,226.5,204,229,282.05,264.4,288,2013,645,RL,14,14,14,RL.645.2013
168,155,169.2,207,193,228,282.2,269,287.8,2019,619,RE,51,47,47,RE.619.2019
136.6,127,151,203,177,210,283,253.6,283,2010,647,RL,20,18,18,RL.647.2010
102,96,102,244,110,245,283,245,257.4,2013,672,RL,13,13,13,RL.672.2013
102,102,110,232,110,245,283,245,283,2013,672,RP,11,11,11,RP.672.2013
180,158,180,230.5,218,244.5,283,254,278.95,2015,590,RL,29,29,29,RL.590.2015
106.5,93,116.5,204,177,212,283,254,289,2016,617,RP,51,50,50,RP.617.2016
141,130.35,141,211,199,213.5,283,275,286,2016,620,RL,209,151,151,RL.620.2016
93.75,75,103.5,213,120,234,283,260.75,306,2016,674,RP,30,30,30,RP.674.2016
85,83,89,202,196,208,283,277,284,2016,676,RP,295,190,190,RP.676.2016
156,154,156,229,224,233,283,281,287,2019,618,RL,153,152,152,RL.618.2019
136.8,118,149,212,202,221,283.6,272.8,290,2019,617,RP,100,100,100,RP.617.2019
104,95.9,104.6,201,192,206,283.9,253.9,293,2013,676,RP,101,82,82,RP.676.2013
140.3,139,180,211,207,214,284,278,284,2003,646,RL,40,38,38,RL.646.2003
127,102,135.5,222,213,228,284.15,273,290.9,2015,703,RL,54,50,50,RL.703.2015
104.6,98,122.7,240,215,245,284.7,275,292,2016,645,RL,38,38,38,RL.645.2016
154.8,152,157,192,177,206,284.9,233.6,287,2020,617,RE,20,20,20,RE.617.2020
NA,NA,NA,243,243,243,285,278,278,2002,617,RL,17,17,17,RL.617.2002
83,72,82,213,207,218,285,283,285,2007,673,RP,67,67,67,RP.673.2007
95,85,96.75,164.5,145,207,285,281.5,295,2008,702,RL,45,43,43,RL.702.2008
151,151,153,186,153,193,285,189.9548118,285,2012,621,RL,11,11,11,RL.621.2012
124,107.2,124,213,205,216,285,266,285,2015,676,RL,172,125,125,RL.676.2015
92,88,101,153.5,128,215,285,244.8,295,2017,703,RE,30,30,30,RE.703.2017
92,85,92,195,168,207,285,278,292,2017,703,RL,132,123,123,RL.703.2017
160.8,152,164,229,221,236,285.6,271.5,300.2,2016,618,RL,70,70,70,RL.618.2016
118,118,118.1,203,188,188,286,273,286,2001,676,RP,16,16,16,RP.676.2001
101.7,90,146,218,211,220,286,283,287,2007,673,RL,75,75,75,RL.673.2007
154.7,153,156.7,209.5,165.5,233,286,237.05,286,2008,619,RL,16,16,16,RL.619.2008
147.15,138,154,222.5,219,228,286,279.9,287.9,2019,617,RL,103,103,103,RL.617.2019
102,95,114,202,190,222,286,273,286,2019,672,RL,84,81,81,RL.672.2019
144,139,145.7,194.5,171,213.5,286.15,249.6,306,2011,594,RL,32,31,31,RL.594.2011
103,96,103,181,167,188,286.95,285,293,2008,676,RP,61,58,58,RP.676.2008
167,152,167,231,211,231,287,262.2,287,2008,648,RP,39,36,36,RP.648.2008
138,110,138,200,188,205,287,285,293,2008,676,RL,63,61,61,RL.676.2008
101.75,92.75,108.25,166.5,133,189,287,253,287,2012,702,RL,42,40,40,RL.702.2012
116,111,117.6,212,207,212,287,284,288,2015,649,RP,276,166,166,RP.649.2015
147,121.05,147.15,198,184.5,212,287,258.7,314,2017,674,RL,66,63,63,RL.674.2017
95,87.25,132.55,195,181,207,287,247,293.6,2017,674,RP,56,53,53,RP.674.2017
114,111,117,205,202,207,287,283,287,2019,676,RP,277,221,221,RP.676.2019
112,107,117.55,221,211.5,226,287.15,278.45,300,2019,703,RE,69,69,69,RE.703.2019
147,120,147,196,179,209,287.2,270.4,296,2018,648,RE,42,40,40,RE.648.2018
117,89,117.2,220,193,228,287.5,274.5,308.7,2016,674,RL,43,43,43,RL.674.2016
116.75,113,142,200,185.5,217,287.75,263.5,297,2014,647,RL,42,41,41,RL.647.2014
144,144,157,227,157,239,288,245,288,2016,616,RP,17,17,17,RP.616.2016
160,160,165,210,180,235,288,256,293,2016,619,RE,27,26,26,RE.619.2016
144.8,128,152,214,207,218,288,268,293,2016,619,RP,111,90,90,RP.619.2016
116,113,117,204,201,208,288,277,289.2,2019,702,RL,223,185,185,RL.702.2019
143.45,127,144.45,213.5,206,228,288.75,282.3,302,2016,647,RL,67,61,61,RL.647.2016
144,144,152.05,234.5,200,255,288.9,279.25,292,2016,616,RL,22,22,22,RL.616.2016
100,100,100,212,184,212,289,240,274,2005,617,RP,12,12,12,RP.617.2005
184,154,179.1,239,232,239,289,287.9960782,289,2005,646,RL,31,31,31,RL.646.2005
163,155,163,247,233,247,289,288,289,2005,646,RP,23,22,22,RP.646.2005
132,119,132,183,145,183,289,234,289,2011,649,RL,26,26,26,RL.649.2011
98,92,98,226,153.0922918,227,289,288,289,2016,672,RL,45,45,45,RL.672.2016
96.2,82,98,206,131,233,289,260.8008771,289,2016,672,RP,28,27,27,RP.672.2016
161.5,156,171,222,193,244,289,278.75,290,2019,617,RE,16,16,16,RE.617.2019
93.6,84,141,172,152,199,289.8,236,292,2018,733,RL,25,24,24,RL.733.2018
140,119,143,211,203,214,290,275,293,2019,644,RL,110,110,110,RL.644.2019
104.05,100,118,192,183,205,290,258,298.95,2019,644,RP,104,104,104,RP.644.2019
117,100.85,117,170,159,184.5,290.6,272,300,2002,676,RL,22,22,22,RL.676.2002
132,131,136,197,192,199,291,280,291,2017,622,RL,277,160,160,RL.622.2017
92,62,92,134,106,138,291.7,284.45,315,2008,702,RP,32,28,28,RP.702.2008
147.6,145,160,221,203,227,291.7,288.6,302.4,2016,649,RE,50,47,47,RE.649.2016
164.1,138,169.75,184,175,196,291.9,227,308,2016,534,RL,20,20,20,RL.534.2016
171.4,151,191.2,264,220,264,292,264,280.8,2014,673,RL,11,11,11,RL.673.2014
90,90,102.85,191,105,221,292,224.55,292,2014,673,RP,11,11,11,RP.673.2014
133,111,137.4,236,224,243,292.3,285,294,2012,676,RL,80,66,66,RL.676.2012
126,121,126,186,170,187,293,286,293,2008,646,RL,89,85,85,RL.646.2008
118,103.2,136,200,192,201,293,265,293,2013,676,RL,88,74,74,RL.676.2013
101,100,100,158,158,186,293,244,293,2015,673,RL,31,28,28,RL.673.2015
101,91,101,195.5,158,215,293,229.85,297,2015,673,RP,29,27,27,RP.673.2015
154,148,153.3,218.5,209,224,293,279.75,293,2016,619,RL,103,84,84,RL.619.2016
90,87,90,172,164,172,293,283,292,2016,648,RP,153,123,123,RP.648.2016
105,104,104,212,210,214,293,292,293,2017,649,RL,333,192,192,RL.649.2017
138.05,126,143,222,217,225,293,289.9,294.9,2019,647,RP,170,169,169,RP.647.2019
134,117,153.25,238,224,238,294,293,294,2007,646,RP,39,38,38,RP.646.2007
167,152,167,231,199.1768864,231,294,288,294,2008,648,RL,39,36,36,RL.648.2008
127,123,186,235,234,235,294,282,282,2015,733,RL,19,17,17,RL.733.2015
190,185,190,235,234,235,294,282,294,2015,733,RP,15,14,14,RP.733.2015
111,108,108,188,183.5,188,294,280,294,2018,672,RL,53,51,51,RL.672.2018
108.7,82,111,188,175.5,188,294,277.55,294,2018,672,RP,55,54,54,RP.672.2018
118,108,118,213,209,215,294,291,296,2018,676,RP,252,188,188,RP.676.2018
150.2,150,155.6,213,192,220,294.65,226.65,296,2015,646,RE,13,13,13,RE.646.2015
128,92,128,225,185,225,295,259,295,2000,676,RL,17,17,17,RL.676.2000
145,137,145,185,162,186,295,239,295,2015,591,RL,36,31,31,RL.591.2015
127,123,127,216,213,216,295,293,295.4,2015,649,RL,273,166,166,RL.649.2015
147.65,141,156,188,176,191,295,289,304.4,2016,648,RE,36,33,33,RE.648.2016
108,107,108,182,178,182,295,292,295,2016,648,RL,142,115,115,RL.648.2016
118.4,64.8,129.6,211,193,225,295,279.8,310,2018,645,RP,66,66,66,RP.645.2018
100,99,100,208,204,208,295.1,294,296,2017,649,RP,340,200,200,RP.649.2017
63.95,62,106,227,217,234,296,257.35,296,2016,673,RL,40,39,39,RL.673.2016
148,143,152,223,214,228,296,290,297,2019,647,RE,56,55,55,RE.647.2019
148,144.85,148,236,231,239,296,294,296.15,2019,647,RL,165,164,164,RL.647.2019
131,130,131,219,215,220,297,295,303,2018,676,RL,260,196,196,RL.676.2018
108,101,119,214,206,217,297,280,297,2004,676,RL,50,44,44,RL.676.2004
117,102,133.8,210,178,215,297,255,297,2014,647,RP,30,28,28,RP.647.2014
135,135,165.4,200,149,268,297,273.6,297,2018,644,RE,10,10,10,RE.644.2018
96,88,102,182,173,199,297,277,314,2019,672,RP,81,79,79,RP.672.2019
135,128,137,217,212.5,220,297,287,301,2019,676,RE,118,118,118,RE.676.2019
125,123,125,213,210,214,297,294,298,2019,676,RL,259,213,213,RL.676.2019
115,114,114,197,191,197,298,292,298,2016,622,RL,220,150,150,RL.622.2016
117,113,121.7,208,175.5,216,299,279,302.5,2019,702,RE,54,54,54,RE.702.2019
164.55,160,180.35,197,193,195.5,299.95,230.5,308,2016,621,RE,11,10,10,RE.621.2016
126,126,133,175,160,175,300,238,300,2007,648,RL,36,30,30,RL.648.2007
126,124,126,179,167,179,300,259,300,2007,648,RP,38,35,35,RP.648.2007
147.5,140,155,206,167,211,301,255,309,2019,644,RE,18,18,18,RE.644.2019
105.4,103,115,206,166,207,301.6,247,306,2003,648,RP,169,165,165,RP.648.2003
118,118,133,217,185,217,301.75,286,314,2001,676,RL,16,16,16,RL.676.2001
149,149,160,206,162.5,213,302,292.45,313,2013,676,RE,12,12,12,RE.676.2013
99,93,99,219,215,221,302,289,302,2016,676,RL,275,184,184,RL.676.2016
91.3,84,96.2,198,189,205,302,284.3,304,2016,702,RP,177,149,149,RP.702.2016
85,77,89,211,198,219,302,259,304,2016,703,RP,150,128,128,RP.703.2016
131,124,131,192.5,181,217,302.5,270.15,306,2014,646,RL,42,37,37,RL.646.2014
163,141,163,219,198,219,303,275,303,2005,676,RL,38,37,37,RL.676.2005
118,113,128,220.5,212.5,224.5,303.95,284.75,318,2016,676,RE,34,33,33,RE.676.2016
100.15,96,102,181,160,198.5,304.5,252,306,2014,646,RP,27,27,27,RP.646.2014
115,115,117,206,173,206,306,284,306,2003,648,RL,132,128,128,RL.648.2003
131,131,131,229,214,214,306,305,305,2003,676,RL,18,18,18,RL.676.2003
92,67,126,237,146,237,306,288,346,2007,702,RP,21,21,21,RP.702.2007
118,104,119.3,191.5,180,205.5,306,278.35,307.75,2016,702,RL,129,118,118,RL.702.2016
105.25,105,106,220,217,223,307,303,307,2016,649,RP,282,185,185,RP.649.2016
141,130,142.3,225,219.5,229,307,295,312,2018,676,RE,91,90,90,RE.676.2018
160,155,160,209,197,211,308,280.75,308,2016,621,RL,39,38,38,RL.621.2016
124.5,120,137,231,213,234,308.5,290,311,2016,646,RL,129,96,96,RL.646.2016
93.55,91,112.1,227,220,231.5,310,302,310,2016,703,RL,126,116,116,RL.703.2016
126,126,126,230,223,223,310.8,307,311,2001,648,RL,32,32,32,RL.648.2001
120,118,123,184,134,220,312,277.4,322,2016,702,RE,24,24,24,RE.702.2016
111,108,111,232,226,233,313,311,313,2016,649,RL,282,176,176,RL.649.2016
116,114,119,225.5,215,235.5,313,302.9,322,2016,703,RE,27,27,27,RE.703.2016
119.65,119,121.3,181.5,143,212.5,313.45,264.45,318,2016,646,RE,19,19,19,RE.646.2016
NA,NA,NA,178,175,178,315,227,227,2006,590,RP,13,13,13,RP.590.2006
122.8,82,128.4,250,216,275,324.2,299.2,332,2007,702,RL,31,31,31,RL.702.2007
112,92.15,113.75,283,272,290.5,349,332,353.55,2001,702,RL,37,37,37,RL.702.2001
155,155,155,204,198,204,295,295,296,2000,648,RL,38,38,38,RL.648.2000
112,112,119,220.5,220,221,259,259,295,2001,648,RP,34,34,34,RP.648.2001
165,164,165,230,192,200,NA,NA,NA,2002,567,RL,16,15,15,RL.567.2002
117,117,124,176,173,176,243,243,259,2002,649,RL,53,51,51,RL.649.2002
NA,NA,NA,172,171,187,NA,NA,NA,2002,673,RL,9,9,9,RL.673.2002
NA,NA,NA,186,185,185,NA,NA,NA,2003,595,RE,11,10,10,RE.595.2003
137,131,131,180,179,180,215,215,223,2003,595,RL,41,39,39,RL.595.2003
127.9,123,137,179,179,186,NA,NA,NA,2004,617,RL,14,14,14,RL.617.2004
142,100,142,212,184,184,NA,NA,NA,2005,617,RL,12,12,12,RL.617.2005
165,162,164.55,197,197,205,205,205,211,2005,620,RL,10,10,10,RL.620.2005
NA,NA,NA,202.5,183,239,NA,NA,NA,2006,617,RL,15,15,15,RL.617.2006
NA,NA,NA,194,189,197,200,200,224,2006,620,RL,11,11,11,RL.620.2006
175,149,175,203,197,197,239,239,246,2006,676,RP,41,36,36,RP.676.2006
NA,NA,NA,162,121,121,276,276,276,2007,672,RL,14,14,14,RL.672.2007
139,133,133,188,167,188,280,280,281,2007,676,RL,29,28,28,RL.676.2007
164,164,164,188,167,195,212,212,212,2014,535,RL,11,11,11,RL.535.2014
177,164,177,184,177,184,184,184,193,2014,563,RE,9,9,9,RE.563.2014
90,87,87,151,109,172,271,271,276,2014,672,RL,20,19,19,RL.672.2014
157,152,160,183,183,184,NA,NA,NA,2015,563,RL,13,13,13,RL.563.2015
NA,NA,NA,173,173,173,NA,NA,NA,2015,622,RE,39,29,29,RE.622.2015
127,127,136,214,213,214,254,254,254,2015,648,RL,159,114,114,RL.648.2015
124,124,124.25,204,187,204,245,245,258,2018,617,RL,77,74,74,RL.617.2018
